{"info":{"year":"2023","version":"1","description":"Exported from roboflow.ai","contributor":"","url":"https://public.roboflow.ai/object-detection/undefined","date_created":"2023-03-13T20:55:59+00:00"},"licenses":[{"id":1,"url":"https://creativecommons.org/licenses/by/4.0/","name":"CC BY 4.0"}],"categories":[{"id":0,"name":"cars","supercategory":"none"},{"id":1,"name":"Car","supercategory":"cars"},{"id":2,"name":"Pickup","supercategory":"cars"},{"id":3,"name":"SUV","supercategory":"cars"},{"id":4,"name":"Van","supercategory":"cars"}],"images":[{"id":0,"license":1,"file_name":"extract0048_jpg.rf.06b2702b30d112c83bac5a3af9358de8.jpg","height":960,"width":1280,"date_captured":"2023-03-13T20:55:59+00:00"},{"id":1,"license":1,"file_name":"extract0007_jpg.rf.08db12db64d0937d39cd76d245010246.jpg","height":960,"width":1280,"date_captured":"2023-03-13T20:55:59+00:00"},{"id":2,"license":1,"file_name":"extract0016_jpg.rf.03da38c5b1fd2da7ce3762ded910416a.jpg","height":960,"width":1280,"date_captured":"2023-03-13T20:55:59+00:00"},{"id":3,"license":1,"file_name":"extract0004_jpg.rf.1d47e617ef82f7a1406463d5d70d915e.jpg","height":960,"width":1280,"date_captured":"2023-03-13T20:55:59+00:00"},{"id":4,"license":1,"file_name":"extract0046_jpg.rf.22012ed0d12e92f9774095de341b617a.jpg","height":960,"width":1280,"date_captured":"2023-03-13T20:55:59+00:00"},{"id":5,"license":1,"file_name":"extract0023_jpg.rf.254dca2bf57d14ac73a422c4e7416ffe.jpg","height":960,"width":1280,"date_captured":"2023-03-13T20:55:59+00:00"},{"id":6,"license":1,"file_name":"extract0039_jpg.rf.0f902b91022871593b0c067fb141d417.jpg","height":960,"width":1280,"date_captured":"2023-03-13T20:55:59+00:00"},{"id":7,"license":1,"file_name":"extract0027_jpg.rf.29e1b474fbd3da9d9fe4cec0ef0cd04c.jpg","height":960,"width":1280,"date_captured":"2023-03-13T20:55:59+00:00"},{"id":8,"license":1,"file_name":"extract0003_jpg.rf.019cf75d996e003e2c2e49f839903e21.jpg","height":960,"width":1280,"date_captured":"2023-03-13T20:55:59+00:00"},{"id":9,"license":1,"file_name":"extract0001_jpg.rf.1e8f53d447bffe27059646d469559323.jpg","height":960,"width":1280,"date_captured":"2023-03-13T20:55:59+00:00"},{"id":10,"license":1,"file_name":"extract0043_jpg.rf.19befb30028eb13143e6588455d5f5dd.jpg","height":960,"width":1280,"date_captured":"2023-03-13T20:55:59+00:00"},{"id":11,"license":1,"file_name":"extract0018_jpg.rf.10550b107508a0c03cf1fbeb07059d27.jpg","height":960,"width":1280,"date_captured":"2023-03-13T20:55:59+00:00"},{"id":12,"license":1,"file_name":"extract0059_jpg.rf.1e64f72a0291edb9e24c9889b547f2af.jpg","height":960,"width":1280,"date_captured":"2023-03-13T20:55:59+00:00"},{"id":13,"license":1,"file_name":"extract0014_jpg.rf.1546a2b33eea90c8d666751e32e3e40c.jpg","height":960,"width":1280,"date_captured":"2023-03-13T20:55:59+00:00"},{"id":14,"license":1,"file_name":"extract0005_jpg.rf.314d03ec39167f93b04cb6bd486d910f.jpg","height":960,"width":1280,"date_captured":"2023-03-13T20:55:59+00:00"},{"id":15,"license":1,"file_name":"extract0003_jpg.rf.2923e9286f177974b64386ff986d0d27.jpg","height":960,"width":1280,"date_captured":"2023-03-13T20:55:59+00:00"},{"id":16,"license":1,"file_name":"extract0047_jpg.rf.29aadbaafa233fe86c0f0d2dfd81cfe7.jpg","height":960,"width":1280,"date_captured":"2023-03-13T20:55:59+00:00"},{"id":17,"license":1,"file_name":"extract0012_jpg.rf.02021e0a58fb37dbc62a652922620396.jpg","height":960,"width":1280,"date_captured":"2023-03-13T20:55:59+00:00"},{"id":18,"license":1,"file_name":"extract0052_jpg.rf.1f609c223d7a00b1d36fa0d32075c21f.jpg","height":960,"width":1280,"date_captured":"2023-03-13T20:55:59+00:00"},{"id":19,"license":1,"file_name":"extract0041_jpg.rf.2673f2d1ea9c8a54169d4684191b95da.jpg","height":960,"width":1280,"date_captured":"2023-03-13T20:55:59+00:00"},{"id":20,"license":1,"file_name":"extract0020_jpg.rf.1e698a83e7fc3325414e9f0749dcfabb.jpg","height":960,"width":1280,"date_captured":"2023-03-13T20:55:59+00:00"},{"id":21,"license":1,"file_name":"extract0048_jpg.rf.33bca6e5830a2e69dc63e52545e21b3e.jpg","height":960,"width":1280,"date_captured":"2023-03-13T20:55:59+00:00"},{"id":22,"license":1,"file_name":"extract0035_jpg.rf.34ff19320175e9ba14946f8de1f56f41.jpg","height":960,"width":1280,"date_captured":"2023-03-13T20:55:59+00:00"},{"id":23,"license":1,"file_name":"extract0038_jpg.rf.3d0667ff9e5991c69805a4d9def99a99.jpg","height":960,"width":1280,"date_captured":"2023-03-13T20:55:59+00:00"},{"id":24,"license":1,"file_name":"extract0053_jpg.rf.22e0c394a00c19ce0cfa17e21e1fb9b9.jpg","height":960,"width":1280,"date_captured":"2023-03-13T20:55:59+00:00"},{"id":25,"license":1,"file_name":"extract0015_jpg.rf.3b8057b43eadd85dd3f03e3462d7dd27.jpg","height":960,"width":1280,"date_captured":"2023-03-13T20:55:59+00:00"},{"id":26,"license":1,"file_name":"extract0033_jpg.rf.40867eb2d77df44085ad8715f111305e.jpg","height":960,"width":1280,"date_captured":"2023-03-13T20:55:59+00:00"},{"id":27,"license":1,"file_name":"extract0002_jpg.rf.3e022a10d4eb11cd99599d305f5e7cad.jpg","height":960,"width":1280,"date_captured":"2023-03-13T20:55:59+00:00"},{"id":28,"license":1,"file_name":"extract0022_jpg.rf.5c78f06295d93b902079e1d1d45b1f6e.jpg","height":960,"width":1280,"date_captured":"2023-03-13T20:55:59+00:00"},{"id":29,"license":1,"file_name":"extract0057_jpg.rf.5c7ba8ab8a33723c999be4c1e471778b.jpg","height":960,"width":1280,"date_captured":"2023-03-13T20:55:59+00:00"},{"id":30,"license":1,"file_name":"extract0050_jpg.rf.3425790e9337516debe70b1f5da33eeb.jpg","height":960,"width":1280,"date_captured":"2023-03-13T20:55:59+00:00"},{"id":31,"license":1,"file_name":"extract0015_jpg.rf.5bc97786c8944536b55b87b255834308.jpg","height":960,"width":1280,"date_captured":"2023-03-13T20:55:59+00:00"},{"id":32,"license":1,"file_name":"extract0026_jpg.rf.59fcdc19ad3683b1bbc2e18ae718bd1a.jpg","height":960,"width":1280,"date_captured":"2023-03-13T20:55:59+00:00"},{"id":33,"license":1,"file_name":"extract0016_jpg.rf.4ff95590fd272d69d96ac79a616418e3.jpg","height":960,"width":1280,"date_captured":"2023-03-13T20:55:59+00:00"},{"id":34,"license":1,"file_name":"extract0022_jpg.rf.3bee530acad85cfc36ec0255c6c9b10d.jpg","height":960,"width":1280,"date_captured":"2023-03-13T20:55:59+00:00"},{"id":35,"license":1,"file_name":"extract0009_jpg.rf.3930af9fa16331bfc25467d62aa00ac9.jpg","height":960,"width":1280,"date_captured":"2023-03-13T20:55:59+00:00"},{"id":36,"license":1,"file_name":"extract0029_jpg.rf.18ebc5a6b570727a3a908c2df0997b27.jpg","height":960,"width":1280,"date_captured":"2023-03-13T20:55:59+00:00"},{"id":37,"license":1,"file_name":"extract0054_jpg.rf.6bd0f2e5505e924431e649cf5fca33a9.jpg","height":960,"width":1280,"date_captured":"2023-03-13T20:55:59+00:00"},{"id":38,"license":1,"file_name":"extract0051_jpg.rf.3b469eed8d8cc4d8945a916c4a544a3f.jpg","height":960,"width":1280,"date_captured":"2023-03-13T20:55:59+00:00"},{"id":39,"license":1,"file_name":"extract0021_jpg.rf.51b53b0d25ddea5bce6384960cb547d7.jpg","height":960,"width":1280,"date_captured":"2023-03-13T20:55:59+00:00"},{"id":40,"license":1,"file_name":"extract0052_jpg.rf.5b6a049ff1f1acb5951e31dde90072e3.jpg","height":960,"width":1280,"date_captured":"2023-03-13T20:55:59+00:00"},{"id":41,"license":1,"file_name":"extract0021_jpg.rf.63625ebb569087e210f7c2c26e958cf8.jpg","height":960,"width":1280,"date_captured":"2023-03-13T20:55:59+00:00"},{"id":42,"license":1,"file_name":"extract0029_jpg.rf.3f78d2d05e6df56948ac65d105f7b996.jpg","height":960,"width":1280,"date_captured":"2023-03-13T20:55:59+00:00"},{"id":43,"license":1,"file_name":"extract0037_jpg.rf.604b6c69a2caf9df7eb4e594f0218879.jpg","height":960,"width":1280,"date_captured":"2023-03-13T20:55:59+00:00"},{"id":44,"license":1,"file_name":"extract0049_jpg.rf.6cfc6c87cc3d7c08149b466803b1eac3.jpg","height":960,"width":1280,"date_captured":"2023-03-13T20:55:59+00:00"},{"id":45,"license":1,"file_name":"extract0042_jpg.rf.663f7abac537cf519a8cf12484458d15.jpg","height":960,"width":1280,"date_captured":"2023-03-13T20:55:59+00:00"},{"id":46,"license":1,"file_name":"extract0029_jpg.rf.515d5e48850f0b692b3066167f01fac7.jpg","height":960,"width":1280,"date_captured":"2023-03-13T20:55:59+00:00"},{"id":47,"license":1,"file_name":"extract0013_jpg.rf.5b46c23923d49283c772f4446ffa1c3d.jpg","height":960,"width":1280,"date_captured":"2023-03-13T20:55:59+00:00"},{"id":48,"license":1,"file_name":"extract0007_jpg.rf.5ebfef6f4df7f348dda607c4cf350f34.jpg","height":960,"width":1280,"date_captured":"2023-03-13T20:55:59+00:00"},{"id":49,"license":1,"file_name":"extract0016_jpg.rf.7717642c39962a839c5be68895a71001.jpg","height":960,"width":1280,"date_captured":"2023-03-13T20:55:59+00:00"},{"id":50,"license":1,"file_name":"extract0027_jpg.rf.7a6644ded1b9697661da2544afcf1e25.jpg","height":960,"width":1280,"date_captured":"2023-03-13T20:55:59+00:00"},{"id":51,"license":1,"file_name":"extract0011_jpg.rf.4e07ee6ec4e912b12d875ce3472eaa1c.jpg","height":960,"width":1280,"date_captured":"2023-03-13T20:55:59+00:00"},{"id":52,"license":1,"file_name":"extract0041_jpg.rf.77f73d95fbc83a9c6144c8c083a1f5bb.jpg","height":960,"width":1280,"date_captured":"2023-03-13T20:55:59+00:00"},{"id":53,"license":1,"file_name":"extract0043_jpg.rf.786313b0eea160c6a3f0f9c4dd1871ae.jpg","height":960,"width":1280,"date_captured":"2023-03-13T20:55:59+00:00"},{"id":54,"license":1,"file_name":"extract0023_jpg.rf.7950b07fc7b85f34a00e0d3056928997.jpg","height":960,"width":1280,"date_captured":"2023-03-13T20:55:59+00:00"},{"id":55,"license":1,"file_name":"extract0041_jpg.rf.76474e949d04cf7b9bcb8d63100b3a5c.jpg","height":960,"width":1280,"date_captured":"2023-03-13T20:55:59+00:00"},{"id":56,"license":1,"file_name":"extract0030_jpg.rf.75f8602c309608f23a0040ac5a132f91.jpg","height":960,"width":1280,"date_captured":"2023-03-13T20:55:59+00:00"},{"id":57,"license":1,"file_name":"extract0024_jpg.rf.7e06aa65b21870fb006a4760ed606441.jpg","height":960,"width":1280,"date_captured":"2023-03-13T20:55:59+00:00"},{"id":58,"license":1,"file_name":"extract0010_jpg.rf.773aae3c830f0595065cd672e93721e3.jpg","height":960,"width":1280,"date_captured":"2023-03-13T20:55:59+00:00"},{"id":59,"license":1,"file_name":"extract0009_jpg.rf.6ca19275347b5a7fddf25384374090be.jpg","height":960,"width":1280,"date_captured":"2023-03-13T20:55:59+00:00"},{"id":60,"license":1,"file_name":"extract0032_jpg.rf.7ee43a290591e6423f7c69d562056961.jpg","height":960,"width":1280,"date_captured":"2023-03-13T20:55:59+00:00"},{"id":61,"license":1,"file_name":"extract0017_jpg.rf.8618908f639a9cc9e5fe1177913c2b5f.jpg","height":960,"width":1280,"date_captured":"2023-03-13T20:55:59+00:00"},{"id":62,"license":1,"file_name":"extract0054_jpg.rf.8cbbb6145a3d2c39d43b824772fbbb50.jpg","height":960,"width":1280,"date_captured":"2023-03-13T20:55:59+00:00"},{"id":63,"license":1,"file_name":"extract0055_jpg.rf.87413e02f8d12134cff5e638fcf607b4.jpg","height":960,"width":1280,"date_captured":"2023-03-13T20:55:59+00:00"},{"id":64,"license":1,"file_name":"extract0045_jpg.rf.93e0fe91c47b9d919f0a53a5b47dea4b.jpg","height":960,"width":1280,"date_captured":"2023-03-13T20:55:59+00:00"},{"id":65,"license":1,"file_name":"extract0034_jpg.rf.895ca162bed50c71f1123f5e5593294c.jpg","height":960,"width":1280,"date_captured":"2023-03-13T20:55:59+00:00"},{"id":66,"license":1,"file_name":"extract0031_jpg.rf.8550c5d60c5cedf06747a288701b93ae.jpg","height":960,"width":1280,"date_captured":"2023-03-13T20:55:59+00:00"},{"id":67,"license":1,"file_name":"extract0045_jpg.rf.9293933c6a27c5229dd0709136e4fc12.jpg","height":960,"width":1280,"date_captured":"2023-03-13T20:55:59+00:00"},{"id":68,"license":1,"file_name":"extract0030_jpg.rf.8eeec30c63d30e1057f3356cad792979.jpg","height":960,"width":1280,"date_captured":"2023-03-13T20:55:59+00:00"},{"id":69,"license":1,"file_name":"extract0019_jpg.rf.95b9c987860e3f29c9bc1efdb6018fed.jpg","height":960,"width":1280,"date_captured":"2023-03-13T20:55:59+00:00"},{"id":70,"license":1,"file_name":"extract0045_jpg.rf.8101e8584c25aa6de6347b0850c12df1.jpg","height":960,"width":1280,"date_captured":"2023-03-13T20:55:59+00:00"},{"id":71,"license":1,"file_name":"extract0034_jpg.rf.916ede5dc40dbab076dd403838c4e2ac.jpg","height":960,"width":1280,"date_captured":"2023-03-13T20:55:59+00:00"},{"id":72,"license":1,"file_name":"extract0025_jpg.rf.8d09c7e606853acb0896f2093c46bc9c.jpg","height":960,"width":1280,"date_captured":"2023-03-13T20:55:59+00:00"},{"id":73,"license":1,"file_name":"extract0050_jpg.rf.9698ea6dd64b53cf9f9417e86ffc7dff.jpg","height":960,"width":1280,"date_captured":"2023-03-13T20:55:59+00:00"},{"id":74,"license":1,"file_name":"extract0020_jpg.rf.8a81065a1e0ee2e16d0e071b66f8d29b.jpg","height":960,"width":1280,"date_captured":"2023-03-13T20:55:59+00:00"},{"id":75,"license":1,"file_name":"extract0025_jpg.rf.8cce8e9e98633adca798788fb801374c.jpg","height":960,"width":1280,"date_captured":"2023-03-13T20:55:59+00:00"},{"id":76,"license":1,"file_name":"extract0011_jpg.rf.9addbdccb137214772cbf211f6c76424.jpg","height":960,"width":1280,"date_captured":"2023-03-13T20:55:59+00:00"},{"id":77,"license":1,"file_name":"extract0032_jpg.rf.9ca117afa405ad81058ded72583948ca.jpg","height":960,"width":1280,"date_captured":"2023-03-13T20:55:59+00:00"},{"id":78,"license":1,"file_name":"extract0038_jpg.rf.8050927ec71f59c923ca1dae70e97e54.jpg","height":960,"width":1280,"date_captured":"2023-03-13T20:55:59+00:00"},{"id":79,"license":1,"file_name":"extract0019_jpg.rf.942fc2541fa49423fd0a220e5a2945fc.jpg","height":960,"width":1280,"date_captured":"2023-03-13T20:55:59+00:00"},{"id":80,"license":1,"file_name":"extract0006_jpg.rf.86f25cefd5d46652c3e2c5ca602c4adc.jpg","height":960,"width":1280,"date_captured":"2023-03-13T20:55:59+00:00"},{"id":81,"license":1,"file_name":"extract0001_jpg.rf.a3b6324c03842446ff9d04ef5eea8ba1.jpg","height":960,"width":1280,"date_captured":"2023-03-13T20:55:59+00:00"},{"id":82,"license":1,"file_name":"extract0046_jpg.rf.8759ff742928fa8d4ef11b6ba52ac433.jpg","height":960,"width":1280,"date_captured":"2023-03-13T20:55:59+00:00"},{"id":83,"license":1,"file_name":"extract0011_jpg.rf.a674594db01b2e8b5022233545b5a706.jpg","height":960,"width":1280,"date_captured":"2023-03-13T20:55:59+00:00"},{"id":84,"license":1,"file_name":"extract0048_jpg.rf.b1a09e6c2e3f7ad7f4947ac6549ec057.jpg","height":960,"width":1280,"date_captured":"2023-03-13T20:55:59+00:00"},{"id":85,"license":1,"file_name":"extract0057_jpg.rf.98a0a28d3df64133006c5905675d97a9.jpg","height":960,"width":1280,"date_captured":"2023-03-13T20:55:59+00:00"},{"id":86,"license":1,"file_name":"extract0058_jpg.rf.b419a442c11d1e3179034acb826e08ef.jpg","height":960,"width":1280,"date_captured":"2023-03-13T20:55:59+00:00"},{"id":87,"license":1,"file_name":"extract0008_jpg.rf.b1d77426e558a098e88e2d6fa8827735.jpg","height":960,"width":1280,"date_captured":"2023-03-13T20:55:59+00:00"},{"id":88,"license":1,"file_name":"extract0023_jpg.rf.b44f904e56fbd48cd2c7948fbb1c0b93.jpg","height":960,"width":1280,"date_captured":"2023-03-13T20:55:59+00:00"},{"id":89,"license":1,"file_name":"extract0005_jpg.rf.c429d3e53f53dd0976fa0b7853b4f943.jpg","height":960,"width":1280,"date_captured":"2023-03-13T20:55:59+00:00"},{"id":90,"license":1,"file_name":"extract0031_jpg.rf.b281cf19cfaecb4430aabb7091dd7ee7.jpg","height":960,"width":1280,"date_captured":"2023-03-13T20:55:59+00:00"},{"id":91,"license":1,"file_name":"extract0047_jpg.rf.a32351eb111787ed5aada0f468f4731d.jpg","height":960,"width":1280,"date_captured":"2023-03-13T20:55:59+00:00"},{"id":92,"license":1,"file_name":"extract0054_jpg.rf.a419294f3776c368ae7bfa272a68b13b.jpg","height":960,"width":1280,"date_captured":"2023-03-13T20:55:59+00:00"},{"id":93,"license":1,"file_name":"extract0012_jpg.rf.b927f2fa064d49f3c55b6ba2f9bdff78.jpg","height":960,"width":1280,"date_captured":"2023-03-13T20:55:59+00:00"},{"id":94,"license":1,"file_name":"extract0007_jpg.rf.a44698b141949bd09190ac4db504a714.jpg","height":960,"width":1280,"date_captured":"2023-03-13T20:55:59+00:00"},{"id":95,"license":1,"file_name":"extract0004_jpg.rf.a90c9dde18a7d40a1e99862517fcaa61.jpg","height":960,"width":1280,"date_captured":"2023-03-13T20:55:59+00:00"},{"id":96,"license":1,"file_name":"extract0026_jpg.rf.b31779ad912c5acd819bcf5075284b27.jpg","height":960,"width":1280,"date_captured":"2023-03-13T20:55:59+00:00"},{"id":97,"license":1,"file_name":"extract0061_jpg.rf.9dcecef66012ad98cc2ccf201a67f421.jpg","height":960,"width":1280,"date_captured":"2023-03-13T20:55:59+00:00"},{"id":98,"license":1,"file_name":"extract0028_jpg.rf.af1f74d17283ebabbea53ea728a6499b.jpg","height":960,"width":1280,"date_captured":"2023-03-13T20:55:59+00:00"},{"id":99,"license":1,"file_name":"extract0039_jpg.rf.b0812c8616307c39094a186ca43bd3b4.jpg","height":960,"width":1280,"date_captured":"2023-03-13T20:55:59+00:00"},{"id":100,"license":1,"file_name":"extract0006_jpg.rf.c61d58b3b5f682e82970234d060f2c83.jpg","height":960,"width":1280,"date_captured":"2023-03-13T20:55:59+00:00"},{"id":101,"license":1,"file_name":"extract0032_jpg.rf.c5cc01b883e9158c7de4a45027a0e5c3.jpg","height":960,"width":1280,"date_captured":"2023-03-13T20:55:59+00:00"},{"id":102,"license":1,"file_name":"extract0053_jpg.rf.a7e93118f0e3437817d6c0a0f67366f9.jpg","height":960,"width":1280,"date_captured":"2023-03-13T20:55:59+00:00"},{"id":103,"license":1,"file_name":"extract0021_jpg.rf.bafc7d3102fbbb5559c8f637bef25c1a.jpg","height":960,"width":1280,"date_captured":"2023-03-13T20:55:59+00:00"},{"id":104,"license":1,"file_name":"extract0051_jpg.rf.cc7dd7f7150b52d00e025a3d3bc4562f.jpg","height":960,"width":1280,"date_captured":"2023-03-13T20:55:59+00:00"},{"id":105,"license":1,"file_name":"extract0057_jpg.rf.b8f21653c62bdd1e9c4b5c23cbcb1731.jpg","height":960,"width":1280,"date_captured":"2023-03-13T20:55:59+00:00"},{"id":106,"license":1,"file_name":"extract0018_jpg.rf.c4b09b9d8ffe084763f8c4a186623390.jpg","height":960,"width":1280,"date_captured":"2023-03-13T20:55:59+00:00"},{"id":107,"license":1,"file_name":"extract0040_jpg.rf.72a2c65852764e55fdc5718327d83ae1.jpg","height":960,"width":1280,"date_captured":"2023-03-13T20:55:59+00:00"},{"id":108,"license":1,"file_name":"extract0055_jpg.rf.dc37db18180c2e5133c16bf7a036c077.jpg","height":960,"width":1280,"date_captured":"2023-03-13T20:55:59+00:00"},{"id":109,"license":1,"file_name":"extract0034_jpg.rf.d49056faea843406ad25392048fde828.jpg","height":960,"width":1280,"date_captured":"2023-03-13T20:55:59+00:00"},{"id":110,"license":1,"file_name":"extract0028_jpg.rf.dc7f7e8302c176dfe7509cbd92a97954.jpg","height":960,"width":1280,"date_captured":"2023-03-13T20:55:59+00:00"},{"id":111,"license":1,"file_name":"extract0028_jpg.rf.e18fc44b6e27c3d2714c5ff4a1ad7afb.jpg","height":960,"width":1280,"date_captured":"2023-03-13T20:55:59+00:00"},{"id":112,"license":1,"file_name":"extract0059_jpg.rf.d062c56a1999b04eb9010ccc3e109121.jpg","height":960,"width":1280,"date_captured":"2023-03-13T20:55:59+00:00"},{"id":113,"license":1,"file_name":"extract0024_jpg.rf.db3e40204a6384894a982da9114e3de9.jpg","height":960,"width":1280,"date_captured":"2023-03-13T20:55:59+00:00"},{"id":114,"license":1,"file_name":"extract0052_jpg.rf.cf31a6d64321dbc2d742033be22075cd.jpg","height":960,"width":1280,"date_captured":"2023-03-13T20:55:59+00:00"},{"id":115,"license":1,"file_name":"extract0026_jpg.rf.b120698895cb637c1dc15f87330a1b78.jpg","height":960,"width":1280,"date_captured":"2023-03-13T20:55:59+00:00"},{"id":116,"license":1,"file_name":"extract0025_jpg.rf.e6daa0d374dfa751e69d8fed82f92ca1.jpg","height":960,"width":1280,"date_captured":"2023-03-13T20:55:59+00:00"},{"id":117,"license":1,"file_name":"extract0046_jpg.rf.da6d6042274ddd97c4638498e21a60a7.jpg","height":960,"width":1280,"date_captured":"2023-03-13T20:55:59+00:00"},{"id":118,"license":1,"file_name":"extract0039_jpg.rf.e8a73553a20569a7ad5535071615ee5f.jpg","height":960,"width":1280,"date_captured":"2023-03-13T20:55:59+00:00"},{"id":119,"license":1,"file_name":"extract0004_jpg.rf.d4f9aa1557c6720f10a5aa98b6d82613.jpg","height":960,"width":1280,"date_captured":"2023-03-13T20:55:59+00:00"},{"id":120,"license":1,"file_name":"extract0058_jpg.rf.ea391bfe9017c2797823237f450acc4e.jpg","height":960,"width":1280,"date_captured":"2023-03-13T20:55:59+00:00"},{"id":121,"license":1,"file_name":"extract0019_jpg.rf.ebde91effa61dbea0789e0307e595b96.jpg","height":960,"width":1280,"date_captured":"2023-03-13T20:55:59+00:00"},{"id":122,"license":1,"file_name":"extract0058_jpg.rf.dcc9af5a35b29b69a50a7f5ada58c4c1.jpg","height":960,"width":1280,"date_captured":"2023-03-13T20:55:59+00:00"},{"id":123,"license":1,"file_name":"extract0022_jpg.rf.e63c81c12e9a61fc8266c928ae9435d0.jpg","height":960,"width":1280,"date_captured":"2023-03-13T20:55:59+00:00"},{"id":124,"license":1,"file_name":"extract0010_jpg.rf.c8897e8c3617e805c6ad9b2b4242baaf.jpg","height":960,"width":1280,"date_captured":"2023-03-13T20:55:59+00:00"},{"id":125,"license":1,"file_name":"extract0030_jpg.rf.b7ab5ded816456e6f8b264c3932c1cbf.jpg","height":960,"width":1280,"date_captured":"2023-03-13T20:55:59+00:00"},{"id":126,"license":1,"file_name":"extract0061_jpg.rf.f31b272b464442a31b197e041d974930.jpg","height":960,"width":1280,"date_captured":"2023-03-13T20:55:59+00:00"},{"id":127,"license":1,"file_name":"extract0060_jpg.rf.f3571092a3f7f1656a57345f8cec060b.jpg","height":960,"width":1280,"date_captured":"2023-03-13T20:55:59+00:00"},{"id":128,"license":1,"file_name":"extract0051_jpg.rf.f5959e975c465fe5a892fbe23bef4de1.jpg","height":960,"width":1280,"date_captured":"2023-03-13T20:55:59+00:00"},{"id":129,"license":1,"file_name":"extract0035_jpg.rf.e84378ea4e6ab2383254e0ea160b78ec.jpg","height":960,"width":1280,"date_captured":"2023-03-13T20:55:59+00:00"},{"id":130,"license":1,"file_name":"extract0008_jpg.rf.fd611f561e2d3f49742d01c361a13fbb.jpg","height":960,"width":1280,"date_captured":"2023-03-13T20:55:59+00:00"},{"id":131,"license":1,"file_name":"extract0037_jpg.rf.f1bceef28f1f9d82793124c0765f70a7.jpg","height":960,"width":1280,"date_captured":"2023-03-13T20:55:59+00:00"},{"id":132,"license":1,"file_name":"extract0056_jpg.rf.eb6aac42eb0670a302eeca2fb97c7432.jpg","height":960,"width":1280,"date_captured":"2023-03-13T20:55:59+00:00"},{"id":133,"license":1,"file_name":"extract0047_jpg.rf.fbff6c3a5d33f04f5b40f83322a7a3c6.jpg","height":960,"width":1280,"date_captured":"2023-03-13T20:55:59+00:00"},{"id":134,"license":1,"file_name":"extract0044_jpg.rf.ab515ee7e4281300723b262388e51da7.jpg","height":960,"width":1280,"date_captured":"2023-03-13T20:55:59+00:00"},{"id":135,"license":1,"file_name":"extract0056_jpg.rf.fd3e41eba46423c9f4e27b21aa9baf51.jpg","height":960,"width":1280,"date_captured":"2023-03-13T20:55:59+00:00"},{"id":136,"license":1,"file_name":"extract0017_jpg.rf.db8f1baa87db394c9ffa3584f9ab5ee7.jpg","height":960,"width":1280,"date_captured":"2023-03-13T20:55:59+00:00"}],"annotations":[{"id":0,"image_id":0,"category_id":3,"bbox":[573,399,458.75,390],"area":178912.5,"segmentation":[],"iscrowd":0},{"id":1,"image_id":0,"category_id":1,"bbox":[401,488,90,57.5],"area":5175,"segmentation":[],"iscrowd":0},{"id":2,"image_id":0,"category_id":1,"bbox":[991,464,286.25,160],"area":45800,"segmentation":[],"iscrowd":0},{"id":3,"image_id":1,"category_id":1,"bbox":[391,463,96.25,63.75],"area":6135.938,"segmentation":[],"iscrowd":0},{"id":4,"image_id":1,"category_id":3,"bbox":[636,444,158.75,135],"area":21431.25,"segmentation":[],"iscrowd":0},{"id":5,"image_id":1,"category_id":1,"bbox":[801,459,82.5,65],"area":5362.5,"segmentation":[],"iscrowd":0},{"id":6,"image_id":1,"category_id":2,"bbox":[525,451,51.25,37.5],"area":1921.875,"segmentation":[],"iscrowd":0},{"id":7,"image_id":2,"category_id":1,"bbox":[4,481,192.86,130],"area":25071.8,"segmentation":[],"iscrowd":0},{"id":8,"image_id":2,"category_id":2,"bbox":[340,433,81.43,82.86],"area":6747.29,"segmentation":[],"iscrowd":0},{"id":9,"image_id":3,"category_id":2,"bbox":[617,447,118.57,107.14],"area":12703.59,"segmentation":[],"iscrowd":0},{"id":10,"image_id":4,"category_id":4,"bbox":[664,439,135,130],"area":17550,"segmentation":[],"iscrowd":0},{"id":11,"image_id":4,"category_id":1,"bbox":[613,484,53.75,50],"area":2687.5,"segmentation":[],"iscrowd":0},{"id":12,"image_id":5,"category_id":1,"bbox":[8,504,152.5,92.5],"area":14106.25,"segmentation":[],"iscrowd":0},{"id":13,"image_id":5,"category_id":1,"bbox":[388,486,62.5,40],"area":2500,"segmentation":[],"iscrowd":0},{"id":14,"image_id":5,"category_id":3,"bbox":[585,441,206.25,177.5],"area":36609.375,"segmentation":[],"iscrowd":0},{"id":15,"image_id":5,"category_id":3,"bbox":[796,460,117.5,93.75],"area":11015.625,"segmentation":[],"iscrowd":0},{"id":16,"image_id":5,"category_id":1,"bbox":[423,483,51.25,33.75],"area":1729.688,"segmentation":[],"iscrowd":0},{"id":17,"image_id":5,"category_id":4,"bbox":[216,480,108.75,75],"area":8156.25,"segmentation":[],"iscrowd":0},{"id":18,"image_id":6,"category_id":4,"bbox":[619,435,148.75,143.75],"area":21382.813,"segmentation":[],"iscrowd":0},{"id":19,"image_id":6,"category_id":1,"bbox":[335,486,147.5,90],"area":13275,"segmentation":[],"iscrowd":0},{"id":20,"image_id":7,"category_id":3,"bbox":[569,453,195,166.25],"area":32418.75,"segmentation":[],"iscrowd":0},{"id":21,"image_id":7,"category_id":3,"bbox":[843,461,210,155],"area":32550,"segmentation":[],"iscrowd":0},{"id":22,"image_id":7,"category_id":3,"bbox":[305,474,121.25,77.5],"area":9396.875,"segmentation":[],"iscrowd":0},{"id":23,"image_id":7,"category_id":4,"bbox":[0,481,158.75,112.5],"area":17859.375,"segmentation":[],"iscrowd":0},{"id":24,"image_id":8,"category_id":2,"bbox":[599,446,118.57,111.43],"area":13212.255,"segmentation":[],"iscrowd":0},{"id":25,"image_id":9,"category_id":3,"bbox":[519,455,187.5,152.5],"area":28593.75,"segmentation":[],"iscrowd":0},{"id":26,"image_id":9,"category_id":1,"bbox":[445,495,55,37.5],"area":2062.5,"segmentation":[],"iscrowd":0},{"id":27,"image_id":9,"category_id":1,"bbox":[701,480,38.75,28.75],"area":1114.063,"segmentation":[],"iscrowd":0},{"id":28,"image_id":10,"category_id":3,"bbox":[568,394,461.25,396.25],"area":182770.313,"segmentation":[],"iscrowd":0},{"id":29,"image_id":10,"category_id":1,"bbox":[380,485,96.25,65],"area":6256.25,"segmentation":[],"iscrowd":0},{"id":30,"image_id":10,"category_id":1,"bbox":[1003,465,277.5,165],"area":45787.5,"segmentation":[],"iscrowd":0},{"id":31,"image_id":11,"category_id":1,"bbox":[300,476,192.5,111.25],"area":21415.625,"segmentation":[],"iscrowd":0},{"id":32,"image_id":11,"category_id":1,"bbox":[0,455,266.25,305],"area":81206.25,"segmentation":[],"iscrowd":0},{"id":33,"image_id":11,"category_id":1,"bbox":[219,496,75,45],"area":3375,"segmentation":[],"iscrowd":0},{"id":34,"image_id":11,"category_id":1,"bbox":[279,495,51.25,37.5],"area":1921.875,"segmentation":[],"iscrowd":0},{"id":35,"image_id":11,"category_id":4,"bbox":[485,296,498.75,492.5],"area":245634.375,"segmentation":[],"iscrowd":0},{"id":36,"image_id":12,"category_id":2,"bbox":[329,455,173.75,150],"area":26062.5,"segmentation":[],"iscrowd":0},{"id":37,"image_id":12,"category_id":2,"bbox":[181,474,115,92.5],"area":10637.5,"segmentation":[],"iscrowd":0},{"id":38,"image_id":12,"category_id":3,"bbox":[21,491,92.5,78.75],"area":7284.375,"segmentation":[],"iscrowd":0},{"id":39,"image_id":13,"category_id":1,"bbox":[0,453,267.5,313.75],"area":83928.125,"segmentation":[],"iscrowd":0},{"id":40,"image_id":13,"category_id":4,"bbox":[481,301,501.25,475],"area":238093.75,"segmentation":[],"iscrowd":0},{"id":41,"image_id":13,"category_id":1,"bbox":[220,498,72.5,45],"area":3262.5,"segmentation":[],"iscrowd":0},{"id":42,"image_id":13,"category_id":1,"bbox":[266,491,62.5,40],"area":2500,"segmentation":[],"iscrowd":0},{"id":43,"image_id":13,"category_id":1,"bbox":[316,498,47.5,33.75],"area":1603.125,"segmentation":[],"iscrowd":0},{"id":44,"image_id":14,"category_id":4,"bbox":[483,294,501.25,491.25],"area":246239.063,"segmentation":[],"iscrowd":0},{"id":45,"image_id":14,"category_id":1,"bbox":[0,456,265,303.75],"area":80493.75,"segmentation":[],"iscrowd":0},{"id":46,"image_id":14,"category_id":1,"bbox":[220,496,72.5,45],"area":3262.5,"segmentation":[],"iscrowd":0},{"id":47,"image_id":14,"category_id":1,"bbox":[273,494,57.5,42.5],"area":2443.75,"segmentation":[],"iscrowd":0},{"id":48,"image_id":14,"category_id":1,"bbox":[313,493,48.75,36.25],"area":1767.188,"segmentation":[],"iscrowd":0},{"id":49,"image_id":15,"category_id":1,"bbox":[0,450,262.5,308.75],"area":81046.875,"segmentation":[],"iscrowd":0},{"id":50,"image_id":15,"category_id":1,"bbox":[220,496,68.75,45],"area":3093.75,"segmentation":[],"iscrowd":0},{"id":51,"image_id":15,"category_id":1,"bbox":[273,494,56.25,40],"area":2250,"segmentation":[],"iscrowd":0},{"id":52,"image_id":15,"category_id":1,"bbox":[313,495,47.5,33.75],"area":1603.125,"segmentation":[],"iscrowd":0},{"id":53,"image_id":15,"category_id":4,"bbox":[479,295,506.25,495],"area":250593.75,"segmentation":[],"iscrowd":0},{"id":54,"image_id":16,"category_id":2,"bbox":[479,374,455,393.75],"area":179156.25,"segmentation":[],"iscrowd":0},{"id":55,"image_id":16,"category_id":1,"bbox":[0,478,106.25,70],"area":7437.5,"segmentation":[],"iscrowd":0},{"id":56,"image_id":16,"category_id":1,"bbox":[1119,466,161.25,278.75],"area":44948.438,"segmentation":[],"iscrowd":0},{"id":57,"image_id":17,"category_id":1,"bbox":[355,470,90,55],"area":4950,"segmentation":[],"iscrowd":0},{"id":58,"image_id":17,"category_id":1,"bbox":[506,466,40,26.25],"area":1050,"segmentation":[],"iscrowd":0},{"id":59,"image_id":17,"category_id":3,"bbox":[595,443,146.25,131.25],"area":19195.313,"segmentation":[],"iscrowd":0},{"id":60,"image_id":17,"category_id":1,"bbox":[885,465,240,155],"area":37200,"segmentation":[],"iscrowd":0},{"id":61,"image_id":17,"category_id":1,"bbox":[816,460,125,111.25],"area":13906.25,"segmentation":[],"iscrowd":0},{"id":62,"image_id":17,"category_id":1,"bbox":[738,461,92.5,65],"area":6012.5,"segmentation":[],"iscrowd":0},{"id":63,"image_id":17,"category_id":3,"bbox":[0,470,151.25,162.5],"area":24578.125,"segmentation":[],"iscrowd":0},{"id":64,"image_id":18,"category_id":2,"bbox":[465,370,482.5,410],"area":197825,"segmentation":[],"iscrowd":0},{"id":65,"image_id":18,"category_id":1,"bbox":[46,475,155,86.25],"area":13368.75,"segmentation":[],"iscrowd":0},{"id":66,"image_id":19,"category_id":1,"bbox":[444,464,97.5,56.25],"area":5484.375,"segmentation":[],"iscrowd":0},{"id":67,"image_id":19,"category_id":1,"bbox":[1069,465,211.25,316.25],"area":66807.813,"segmentation":[],"iscrowd":0},{"id":68,"image_id":19,"category_id":1,"bbox":[911,466,272.5,175],"area":47687.5,"segmentation":[],"iscrowd":0},{"id":69,"image_id":19,"category_id":1,"bbox":[775,466,81.25,72.5],"area":5890.625,"segmentation":[],"iscrowd":0},{"id":70,"image_id":19,"category_id":2,"bbox":[816,441,195,138.75],"area":27056.25,"segmentation":[],"iscrowd":0},{"id":71,"image_id":19,"category_id":2,"bbox":[588,430,151.25,137.5],"area":20796.875,"segmentation":[],"iscrowd":0},{"id":72,"image_id":20,"category_id":1,"bbox":[0,455,267.5,305],"area":81587.5,"segmentation":[],"iscrowd":0},{"id":73,"image_id":20,"category_id":1,"bbox":[220,495,72.5,47.5],"area":3443.75,"segmentation":[],"iscrowd":0},{"id":74,"image_id":20,"category_id":1,"bbox":[270,494,57.5,42.5],"area":2443.75,"segmentation":[],"iscrowd":0},{"id":75,"image_id":20,"category_id":1,"bbox":[310,494,51.25,36.25],"area":1857.813,"segmentation":[],"iscrowd":0},{"id":76,"image_id":20,"category_id":4,"bbox":[486,298,492.5,496.25],"area":244403.125,"segmentation":[],"iscrowd":0},{"id":77,"image_id":21,"category_id":4,"bbox":[669,429,122.5,121.25],"area":14853.125,"segmentation":[],"iscrowd":0},{"id":78,"image_id":21,"category_id":1,"bbox":[573,471,78.75,50],"area":3937.5,"segmentation":[],"iscrowd":0},{"id":79,"image_id":22,"category_id":3,"bbox":[573,451,190,161.25],"area":30637.5,"segmentation":[],"iscrowd":0},{"id":80,"image_id":22,"category_id":3,"bbox":[48,466,218.75,146.25],"area":31992.188,"segmentation":[],"iscrowd":0},{"id":81,"image_id":22,"category_id":1,"bbox":[773,476,101.25,65],"area":6581.25,"segmentation":[],"iscrowd":0},{"id":82,"image_id":23,"category_id":2,"bbox":[605,444,143.75,133.75],"area":19226.563,"segmentation":[],"iscrowd":0},{"id":83,"image_id":23,"category_id":1,"bbox":[81,483,196.25,115],"area":22568.75,"segmentation":[],"iscrowd":0},{"id":84,"image_id":23,"category_id":1,"bbox":[789,478,102.5,67.5],"area":6918.75,"segmentation":[],"iscrowd":0},{"id":85,"image_id":23,"category_id":1,"bbox":[524,481,50,33.75],"area":1687.5,"segmentation":[],"iscrowd":0},{"id":86,"image_id":24,"category_id":4,"bbox":[616,440,108.75,111.25],"area":12098.438,"segmentation":[],"iscrowd":0},{"id":87,"image_id":24,"category_id":1,"bbox":[0,466,362.5,238.75],"area":86546.875,"segmentation":[],"iscrowd":0},{"id":88,"image_id":24,"category_id":1,"bbox":[431,481,95,62.5],"area":5937.5,"segmentation":[],"iscrowd":0},{"id":89,"image_id":24,"category_id":1,"bbox":[550,480,55,41.25],"area":2268.75,"segmentation":[],"iscrowd":0},{"id":90,"image_id":25,"category_id":1,"bbox":[293,483,102.5,62.5],"area":6406.25,"segmentation":[],"iscrowd":0},{"id":91,"image_id":25,"category_id":1,"bbox":[758,474,101.25,82.5],"area":8353.125,"segmentation":[],"iscrowd":0},{"id":92,"image_id":25,"category_id":3,"bbox":[564,450,142.5,126.25],"area":17990.625,"segmentation":[],"iscrowd":0},{"id":93,"image_id":25,"category_id":3,"bbox":[805,464,185,137.5],"area":25437.5,"segmentation":[],"iscrowd":0},{"id":94,"image_id":26,"category_id":1,"bbox":[505,486,58.75,46.25],"area":2717.188,"segmentation":[],"iscrowd":0},{"id":95,"image_id":26,"category_id":4,"bbox":[560,434,167.5,170],"area":28475,"segmentation":[],"iscrowd":0},{"id":96,"image_id":27,"category_id":3,"bbox":[523,458,187.5,152.5],"area":28593.75,"segmentation":[],"iscrowd":0},{"id":97,"image_id":27,"category_id":1,"bbox":[441,494,57.5,38.75],"area":2228.125,"segmentation":[],"iscrowd":0},{"id":98,"image_id":27,"category_id":1,"bbox":[700,479,40,31.25],"area":1250,"segmentation":[],"iscrowd":0},{"id":99,"image_id":28,"category_id":1,"bbox":[0,454,266.25,311.25],"area":82870.313,"segmentation":[],"iscrowd":0},{"id":100,"image_id":28,"category_id":1,"bbox":[223,494,72.5,47.5],"area":3443.75,"segmentation":[],"iscrowd":0},{"id":101,"image_id":28,"category_id":1,"bbox":[278,493,53.75,45],"area":2418.75,"segmentation":[],"iscrowd":0},{"id":102,"image_id":28,"category_id":1,"bbox":[315,495,46.25,33.75],"area":1560.938,"segmentation":[],"iscrowd":0},{"id":103,"image_id":28,"category_id":4,"bbox":[476,309,503.75,491.25],"area":247467.188,"segmentation":[],"iscrowd":0},{"id":104,"image_id":29,"category_id":3,"bbox":[566,396,462.5,405],"area":187312.5,"segmentation":[],"iscrowd":0},{"id":105,"image_id":29,"category_id":1,"bbox":[1003,466,277.5,157.5],"area":43706.25,"segmentation":[],"iscrowd":0},{"id":106,"image_id":30,"category_id":1,"bbox":[478,485,81.25,52.5],"area":4265.625,"segmentation":[],"iscrowd":0},{"id":107,"image_id":30,"category_id":1,"bbox":[556,486,55,35],"area":1925,"segmentation":[],"iscrowd":0},{"id":108,"image_id":30,"category_id":4,"bbox":[624,446,112.5,110],"area":12375,"segmentation":[],"iscrowd":0},{"id":109,"image_id":31,"category_id":1,"bbox":[0,454,267.5,296.25],"area":79246.875,"segmentation":[],"iscrowd":0},{"id":110,"image_id":31,"category_id":1,"bbox":[220,496,72.5,50],"area":3625,"segmentation":[],"iscrowd":0},{"id":111,"image_id":31,"category_id":1,"bbox":[273,494,60,41.25],"area":2475,"segmentation":[],"iscrowd":0},{"id":112,"image_id":31,"category_id":1,"bbox":[314,491,50,37.5],"area":1875,"segmentation":[],"iscrowd":0},{"id":113,"image_id":31,"category_id":4,"bbox":[481,298,501.25,491.25],"area":246239.063,"segmentation":[],"iscrowd":0},{"id":114,"image_id":32,"category_id":1,"bbox":[321,496,73.75,41.25],"area":3042.188,"segmentation":[],"iscrowd":0},{"id":115,"image_id":32,"category_id":1,"bbox":[375,493,56.25,40],"area":2250,"segmentation":[],"iscrowd":0},{"id":116,"image_id":32,"category_id":3,"bbox":[423,479,82.5,52.5],"area":4331.25,"segmentation":[],"iscrowd":0},{"id":117,"image_id":32,"category_id":3,"bbox":[578,456,201.25,172.5],"area":34715.625,"segmentation":[],"iscrowd":0},{"id":118,"image_id":32,"category_id":3,"bbox":[823,468,173.75,130],"area":22587.5,"segmentation":[],"iscrowd":0},{"id":119,"image_id":32,"category_id":4,"bbox":[74,488,148.75,88.75],"area":13201.563,"segmentation":[],"iscrowd":0},{"id":120,"image_id":33,"category_id":3,"bbox":[571,445,150,137.5],"area":20625,"segmentation":[],"iscrowd":0},{"id":121,"image_id":33,"category_id":3,"bbox":[878,456,271.25,191.25],"area":51876.563,"segmentation":[],"iscrowd":0},{"id":122,"image_id":33,"category_id":3,"bbox":[434,468,65,42.5],"area":2762.5,"segmentation":[],"iscrowd":0},{"id":123,"image_id":33,"category_id":3,"bbox":[486,464,48.75,37.5],"area":1828.125,"segmentation":[],"iscrowd":0},{"id":124,"image_id":33,"category_id":1,"bbox":[796,468,140,100],"area":14000,"segmentation":[],"iscrowd":0},{"id":125,"image_id":33,"category_id":1,"bbox":[0,481,186.25,131.25],"area":24445.313,"segmentation":[],"iscrowd":0},{"id":126,"image_id":33,"category_id":4,"bbox":[356,469,60,50],"area":3000,"segmentation":[],"iscrowd":0},{"id":127,"image_id":33,"category_id":1,"bbox":[235,484,80,57.5],"area":4600,"segmentation":[],"iscrowd":0},{"id":128,"image_id":34,"category_id":3,"bbox":[583,441,206.25,176.25],"area":36351.563,"segmentation":[],"iscrowd":0},{"id":129,"image_id":34,"category_id":3,"bbox":[788,463,105,83.75],"area":8793.75,"segmentation":[],"iscrowd":0},{"id":130,"image_id":34,"category_id":1,"bbox":[78,503,127.5,81.25],"area":10359.375,"segmentation":[],"iscrowd":0},{"id":131,"image_id":34,"category_id":1,"bbox":[0,506,103.75,100],"area":10375,"segmentation":[],"iscrowd":0},{"id":132,"image_id":34,"category_id":1,"bbox":[400,485,56.25,36.25],"area":2039.063,"segmentation":[],"iscrowd":0},{"id":133,"image_id":34,"category_id":1,"bbox":[1070,459,210,307.5],"area":64575,"segmentation":[],"iscrowd":0},{"id":134,"image_id":34,"category_id":4,"bbox":[246,480,100,67.5],"area":6750,"segmentation":[],"iscrowd":0},{"id":135,"image_id":35,"category_id":1,"bbox":[873,460,167.5,117.5],"area":19681.25,"segmentation":[],"iscrowd":0},{"id":136,"image_id":35,"category_id":3,"bbox":[635,440,150,132.5],"area":19875,"segmentation":[],"iscrowd":0},{"id":137,"image_id":35,"category_id":1,"bbox":[779,463,85,60],"area":5100,"segmentation":[],"iscrowd":0},{"id":138,"image_id":35,"category_id":2,"bbox":[294,455,130,91.25],"area":11862.5,"segmentation":[],"iscrowd":0},{"id":139,"image_id":36,"category_id":1,"bbox":[453,496,101.25,70],"area":7087.5,"segmentation":[],"iscrowd":0},{"id":140,"image_id":36,"category_id":1,"bbox":[1,505,138.75,63.75],"area":8845.313,"segmentation":[],"iscrowd":0},{"id":141,"image_id":36,"category_id":2,"bbox":[191,481,110,62.5],"area":6875,"segmentation":[],"iscrowd":0},{"id":142,"image_id":36,"category_id":4,"bbox":[606,436,200,201.25],"area":40250,"segmentation":[],"iscrowd":0},{"id":143,"image_id":36,"category_id":3,"bbox":[285,491,60,45],"area":2700,"segmentation":[],"iscrowd":0},{"id":144,"image_id":37,"category_id":1,"bbox":[983,464,295,163.75],"area":48306.25,"segmentation":[],"iscrowd":0},{"id":145,"image_id":37,"category_id":3,"bbox":[563,399,463.75,397.5],"area":184340.625,"segmentation":[],"iscrowd":0},{"id":146,"image_id":38,"category_id":1,"bbox":[1001,465,278.75,162.5],"area":45296.875,"segmentation":[],"iscrowd":0},{"id":147,"image_id":38,"category_id":3,"bbox":[566,396,461.25,400],"area":184500,"segmentation":[],"iscrowd":0},{"id":148,"image_id":39,"category_id":1,"bbox":[0,454,265,305],"area":80825,"segmentation":[],"iscrowd":0},{"id":149,"image_id":39,"category_id":1,"bbox":[225,495,65,47.5],"area":3087.5,"segmentation":[],"iscrowd":0},{"id":150,"image_id":39,"category_id":1,"bbox":[271,494,58.75,45],"area":2643.75,"segmentation":[],"iscrowd":0},{"id":151,"image_id":39,"category_id":1,"bbox":[315,494,45,36.25],"area":1631.25,"segmentation":[],"iscrowd":0},{"id":152,"image_id":39,"category_id":4,"bbox":[479,300,502.5,500],"area":251250,"segmentation":[],"iscrowd":0},{"id":153,"image_id":40,"category_id":3,"bbox":[566,398,463.75,390],"area":180862.5,"segmentation":[],"iscrowd":0},{"id":154,"image_id":40,"category_id":1,"bbox":[998,466,281.25,156.25],"area":43945.313,"segmentation":[],"iscrowd":0},{"id":155,"image_id":41,"category_id":1,"bbox":[3,503,158.75,91.25],"area":14485.938,"segmentation":[],"iscrowd":0},{"id":156,"image_id":41,"category_id":1,"bbox":[124,499,118.75,73.75],"area":8757.813,"segmentation":[],"iscrowd":0},{"id":157,"image_id":41,"category_id":1,"bbox":[409,484,53.75,36.25],"area":1948.438,"segmentation":[],"iscrowd":0},{"id":158,"image_id":41,"category_id":1,"bbox":[978,459,302.5,225],"area":68062.5,"segmentation":[],"iscrowd":0},{"id":159,"image_id":41,"category_id":3,"bbox":[775,458,98.75,81.25],"area":8023.438,"segmentation":[],"iscrowd":0},{"id":160,"image_id":41,"category_id":3,"bbox":[584,440,196.25,175],"area":34343.75,"segmentation":[],"iscrowd":0},{"id":161,"image_id":41,"category_id":4,"bbox":[274,478,91.25,67.5],"area":6159.375,"segmentation":[],"iscrowd":0},{"id":162,"image_id":42,"category_id":3,"bbox":[258,466,112.5,76.25],"area":8578.125,"segmentation":[],"iscrowd":0},{"id":163,"image_id":42,"category_id":3,"bbox":[738,466,82.5,58.75],"area":4846.875,"segmentation":[],"iscrowd":0},{"id":164,"image_id":42,"category_id":2,"bbox":[563,431,185,163.75],"area":30293.75,"segmentation":[],"iscrowd":0},{"id":165,"image_id":42,"category_id":1,"bbox":[358,478,62.5,48.75],"area":3046.875,"segmentation":[],"iscrowd":0},{"id":166,"image_id":42,"category_id":3,"bbox":[410,473,58.75,45],"area":2643.75,"segmentation":[],"iscrowd":0},{"id":167,"image_id":43,"category_id":1,"bbox":[148,476,252.5,150],"area":37875,"segmentation":[],"iscrowd":0},{"id":168,"image_id":43,"category_id":1,"bbox":[539,481,60,38.75],"area":2325,"segmentation":[],"iscrowd":0},{"id":169,"image_id":43,"category_id":4,"bbox":[604,430,158.75,157.5],"area":25003.125,"segmentation":[],"iscrowd":0},{"id":170,"image_id":44,"category_id":4,"bbox":[644,439,116.25,117.5],"area":13659.375,"segmentation":[],"iscrowd":0},{"id":171,"image_id":44,"category_id":1,"bbox":[520,481,75,51.25],"area":3843.75,"segmentation":[],"iscrowd":0},{"id":172,"image_id":44,"category_id":1,"bbox":[599,480,45,36.25],"area":1631.25,"segmentation":[],"iscrowd":0},{"id":173,"image_id":45,"category_id":4,"bbox":[596,434,140,141.25],"area":19775,"segmentation":[],"iscrowd":0},{"id":174,"image_id":45,"category_id":1,"bbox":[428,485,100,62.5],"area":6250,"segmentation":[],"iscrowd":0},{"id":175,"image_id":46,"category_id":1,"bbox":[186,490,103.75,58.75],"area":6095.313,"segmentation":[],"iscrowd":0},{"id":176,"image_id":46,"category_id":1,"bbox":[274,488,75,50],"area":3750,"segmentation":[],"iscrowd":0},{"id":177,"image_id":46,"category_id":1,"bbox":[370,481,67.5,41.25],"area":2784.375,"segmentation":[],"iscrowd":0},{"id":178,"image_id":46,"category_id":3,"bbox":[551,439,197.5,180],"area":35550,"segmentation":[],"iscrowd":0},{"id":179,"image_id":46,"category_id":3,"bbox":[963,426,317.5,292.5],"area":92868.75,"segmentation":[],"iscrowd":0},{"id":180,"image_id":46,"category_id":1,"bbox":[446,475,52.5,40],"area":2100,"segmentation":[],"iscrowd":0},{"id":181,"image_id":47,"category_id":1,"bbox":[63,480,197.5,118.75],"area":23453.125,"segmentation":[],"iscrowd":0},{"id":182,"image_id":47,"category_id":3,"bbox":[584,450,141.25,117.5],"area":16596.875,"segmentation":[],"iscrowd":0},{"id":183,"image_id":47,"category_id":3,"bbox":[750,464,115,82.5],"area":9487.5,"segmentation":[],"iscrowd":0},{"id":184,"image_id":47,"category_id":1,"bbox":[871,464,223.75,157.5],"area":35240.625,"segmentation":[],"iscrowd":0},{"id":185,"image_id":47,"category_id":1,"bbox":[1003,465,277.5,257.5],"area":71456.25,"segmentation":[],"iscrowd":0},{"id":186,"image_id":47,"category_id":1,"bbox":[471,474,45,30],"area":1350,"segmentation":[],"iscrowd":0},{"id":187,"image_id":47,"category_id":1,"bbox":[339,484,61.25,35],"area":2143.75,"segmentation":[],"iscrowd":0},{"id":188,"image_id":48,"category_id":2,"bbox":[630,449,98.57,91.43],"area":9012.255,"segmentation":[],"iscrowd":0},{"id":189,"image_id":49,"category_id":4,"bbox":[480,295,502.5,480],"area":241200,"segmentation":[],"iscrowd":0},{"id":190,"image_id":49,"category_id":1,"bbox":[0,454,265,296.25],"area":78506.25,"segmentation":[],"iscrowd":0},{"id":191,"image_id":49,"category_id":1,"bbox":[225,495,67.5,48.75],"area":3290.625,"segmentation":[],"iscrowd":0},{"id":192,"image_id":49,"category_id":1,"bbox":[275,495,57.5,41.25],"area":2371.875,"segmentation":[],"iscrowd":0},{"id":193,"image_id":49,"category_id":1,"bbox":[314,496,48.75,35],"area":1706.25,"segmentation":[],"iscrowd":0},{"id":194,"image_id":50,"category_id":1,"bbox":[1081,473,198.57,290],"area":57585.3,"segmentation":[],"iscrowd":0},{"id":195,"image_id":50,"category_id":3,"bbox":[856,449,201.43,145.71],"area":29350.365,"segmentation":[],"iscrowd":0},{"id":196,"image_id":50,"category_id":2,"bbox":[541,443,184.29,157.14],"area":28959.331,"segmentation":[],"iscrowd":0},{"id":197,"image_id":50,"category_id":1,"bbox":[267,481,112.86,68.57],"area":7738.81,"segmentation":[],"iscrowd":0},{"id":198,"image_id":50,"category_id":3,"bbox":[814,460,92.86,101.43],"area":9418.79,"segmentation":[],"iscrowd":0},{"id":199,"image_id":50,"category_id":3,"bbox":[400,479,70,47.14],"area":3299.8,"segmentation":[],"iscrowd":0},{"id":200,"image_id":51,"category_id":2,"bbox":[107,424,154.29,91.43],"area":14106.735,"segmentation":[],"iscrowd":0},{"id":201,"image_id":52,"category_id":1,"bbox":[410,481,111.25,73.75],"area":8204.688,"segmentation":[],"iscrowd":0},{"id":202,"image_id":52,"category_id":1,"bbox":[551,483,56.25,41.25],"area":2320.313,"segmentation":[],"iscrowd":0},{"id":203,"image_id":52,"category_id":4,"bbox":[609,434,141.25,147.5],"area":20834.375,"segmentation":[],"iscrowd":0},{"id":204,"image_id":53,"category_id":1,"bbox":[280,460,185,141.25],"area":26131.25,"segmentation":[],"iscrowd":0},{"id":205,"image_id":53,"category_id":1,"bbox":[868,464,205,136.25],"area":27931.25,"segmentation":[],"iscrowd":0},{"id":206,"image_id":53,"category_id":2,"bbox":[583,421,196.25,182.5],"area":35815.625,"segmentation":[],"iscrowd":0},{"id":207,"image_id":54,"category_id":1,"bbox":[0,455,281.25,296.25],"area":83320.313,"segmentation":[],"iscrowd":0},{"id":208,"image_id":54,"category_id":1,"bbox":[221,493,72.5,50],"area":3625,"segmentation":[],"iscrowd":0},{"id":209,"image_id":54,"category_id":1,"bbox":[273,494,56.25,40],"area":2250,"segmentation":[],"iscrowd":0},{"id":210,"image_id":54,"category_id":1,"bbox":[313,495,47.5,36.25],"area":1721.875,"segmentation":[],"iscrowd":0},{"id":211,"image_id":54,"category_id":4,"bbox":[486,301,487.5,491.34],"area":239528.25,"segmentation":[],"iscrowd":0},{"id":212,"image_id":55,"category_id":3,"bbox":[584,405,405,343.75],"area":139218.75,"segmentation":[],"iscrowd":0},{"id":213,"image_id":55,"category_id":1,"bbox":[973,458,277.5,160],"area":44400,"segmentation":[],"iscrowd":0},{"id":214,"image_id":55,"category_id":1,"bbox":[484,481,62.5,42.5],"area":2656.25,"segmentation":[],"iscrowd":0},{"id":215,"image_id":56,"category_id":2,"bbox":[568,436,180,156.25],"area":28125,"segmentation":[],"iscrowd":0},{"id":216,"image_id":56,"category_id":1,"bbox":[234,484,68.75,67.5],"area":4640.625,"segmentation":[],"iscrowd":0},{"id":217,"image_id":56,"category_id":1,"bbox":[275,481,85,63.75],"area":5418.75,"segmentation":[],"iscrowd":0},{"id":218,"image_id":56,"category_id":1,"bbox":[415,485,55,32.5],"area":1787.5,"segmentation":[],"iscrowd":0},{"id":219,"image_id":56,"category_id":3,"bbox":[93,464,171.25,113.75],"area":19479.688,"segmentation":[],"iscrowd":0},{"id":220,"image_id":56,"category_id":3,"bbox":[351,474,80,58.75],"area":4700,"segmentation":[],"iscrowd":0},{"id":221,"image_id":56,"category_id":1,"bbox":[764,466,101.25,75],"area":7593.75,"segmentation":[],"iscrowd":0},{"id":222,"image_id":57,"category_id":1,"bbox":[0,460,345,223.75],"area":77193.75,"segmentation":[],"iscrowd":0},{"id":223,"image_id":57,"category_id":4,"bbox":[506,323,431.25,430],"area":185437.5,"segmentation":[],"iscrowd":0},{"id":224,"image_id":58,"category_id":1,"bbox":[0,455,265,301.25],"area":79831.25,"segmentation":[],"iscrowd":0},{"id":225,"image_id":58,"category_id":1,"bbox":[226,498,62.5,43.75],"area":2734.375,"segmentation":[],"iscrowd":0},{"id":226,"image_id":58,"category_id":1,"bbox":[266,494,63.75,45],"area":2868.75,"segmentation":[],"iscrowd":0},{"id":227,"image_id":58,"category_id":1,"bbox":[310,493,50,38.75],"area":1937.5,"segmentation":[],"iscrowd":0},{"id":228,"image_id":58,"category_id":4,"bbox":[479,296,502.5,502.5],"area":252506.25,"segmentation":[],"iscrowd":0},{"id":229,"image_id":59,"category_id":2,"bbox":[489,450,122.86,90],"area":11057.4,"segmentation":[],"iscrowd":0},{"id":230,"image_id":60,"category_id":3,"bbox":[538,439,197.5,171.25],"area":33821.875,"segmentation":[],"iscrowd":0},{"id":231,"image_id":60,"category_id":3,"bbox":[323,463,107.5,81.25],"area":8734.375,"segmentation":[],"iscrowd":0},{"id":232,"image_id":60,"category_id":3,"bbox":[458,474,57.5,41.25],"area":2371.875,"segmentation":[],"iscrowd":0},{"id":233,"image_id":60,"category_id":1,"bbox":[50,501,132.5,77.5],"area":10268.75,"segmentation":[],"iscrowd":0},{"id":234,"image_id":60,"category_id":1,"bbox":[261,493,70,50],"area":3500,"segmentation":[],"iscrowd":0},{"id":235,"image_id":60,"category_id":1,"bbox":[733,470,63.75,47.5],"area":3028.125,"segmentation":[],"iscrowd":0},{"id":236,"image_id":61,"category_id":4,"bbox":[485,301,493.75,496.25],"area":245023.438,"segmentation":[],"iscrowd":0},{"id":237,"image_id":61,"category_id":1,"bbox":[0,454,266.25,307.5],"area":81871.875,"segmentation":[],"iscrowd":0},{"id":238,"image_id":61,"category_id":1,"bbox":[220,495,71.25,45],"area":3206.25,"segmentation":[],"iscrowd":0},{"id":239,"image_id":61,"category_id":1,"bbox":[274,494,57.5,42.5],"area":2443.75,"segmentation":[],"iscrowd":0},{"id":240,"image_id":61,"category_id":1,"bbox":[316,495,46.25,32.5],"area":1503.125,"segmentation":[],"iscrowd":0},{"id":241,"image_id":61,"category_id":1,"bbox":[978,476,218.75,93.75],"area":20507.813,"segmentation":[],"iscrowd":0},{"id":242,"image_id":62,"category_id":2,"bbox":[478,410,351.25,293.75],"area":103179.688,"segmentation":[],"iscrowd":0},{"id":243,"image_id":62,"category_id":1,"bbox":[10,486,173.75,101.25],"area":17592.188,"segmentation":[],"iscrowd":0},{"id":244,"image_id":63,"category_id":3,"bbox":[565,399,465,390],"area":181350,"segmentation":[],"iscrowd":0},{"id":245,"image_id":63,"category_id":1,"bbox":[1005,469,271.25,153.75],"area":41704.688,"segmentation":[],"iscrowd":0},{"id":246,"image_id":64,"category_id":1,"bbox":[580,479,65,60],"area":3900,"segmentation":[],"iscrowd":0},{"id":247,"image_id":64,"category_id":4,"bbox":[641,433,141.25,137.5],"area":19421.875,"segmentation":[],"iscrowd":0},{"id":248,"image_id":65,"category_id":1,"bbox":[159,501,116.25,66.25],"area":7701.563,"segmentation":[],"iscrowd":0},{"id":249,"image_id":65,"category_id":1,"bbox":[751,475,93.75,58.75],"area":5507.813,"segmentation":[],"iscrowd":0},{"id":250,"image_id":65,"category_id":3,"bbox":[558,445,193.75,166.25],"area":32210.938,"segmentation":[],"iscrowd":0},{"id":251,"image_id":65,"category_id":3,"bbox":[301,473,112.5,80],"area":9000,"segmentation":[],"iscrowd":0},{"id":252,"image_id":66,"category_id":3,"bbox":[541,450,193.75,167.5],"area":32453.125,"segmentation":[],"iscrowd":0},{"id":253,"image_id":66,"category_id":3,"bbox":[420,474,70,52.5],"area":3675,"segmentation":[],"iscrowd":0},{"id":254,"image_id":66,"category_id":1,"bbox":[193,490,136.25,90],"area":12262.5,"segmentation":[],"iscrowd":0},{"id":255,"image_id":66,"category_id":1,"bbox":[4,508,145,82.5],"area":11962.5,"segmentation":[],"iscrowd":0},{"id":256,"image_id":66,"category_id":1,"bbox":[144,504,82.5,66.25],"area":5465.625,"segmentation":[],"iscrowd":0},{"id":257,"image_id":66,"category_id":1,"bbox":[313,496,66.25,41.25],"area":2732.813,"segmentation":[],"iscrowd":0},{"id":258,"image_id":66,"category_id":3,"bbox":[494,479,45,33.75],"area":1518.75,"segmentation":[],"iscrowd":0},{"id":259,"image_id":67,"category_id":2,"bbox":[526,394,340,293.75],"area":99875,"segmentation":[],"iscrowd":0},{"id":260,"image_id":67,"category_id":1,"bbox":[1020,461,260,258.75],"area":67275,"segmentation":[],"iscrowd":0},{"id":261,"image_id":68,"category_id":1,"bbox":[108,496,121.25,67.5],"area":8184.375,"segmentation":[],"iscrowd":0},{"id":262,"image_id":68,"category_id":1,"bbox":[223,495,82.5,55],"area":4537.5,"segmentation":[],"iscrowd":0},{"id":263,"image_id":68,"category_id":1,"bbox":[369,484,80,53.75],"area":4300,"segmentation":[],"iscrowd":0},{"id":264,"image_id":68,"category_id":3,"bbox":[549,448,195,170],"area":33150,"segmentation":[],"iscrowd":0},{"id":265,"image_id":68,"category_id":3,"bbox":[473,470,56.25,43.75],"area":2460.938,"segmentation":[],"iscrowd":0},{"id":266,"image_id":69,"category_id":2,"bbox":[400,444,71.43,57.14],"area":4081.51,"segmentation":[],"iscrowd":0},{"id":267,"image_id":69,"category_id":1,"bbox":[520,450,80,51.43],"area":4114.4,"segmentation":[],"iscrowd":0},{"id":268,"image_id":69,"category_id":1,"bbox":[581,446,58.57,41.43],"area":2426.555,"segmentation":[],"iscrowd":0},{"id":269,"image_id":69,"category_id":2,"bbox":[896,420,160,110],"area":17600,"segmentation":[],"iscrowd":0},{"id":270,"image_id":70,"category_id":1,"bbox":[6,495,246.25,141.25],"area":34782.813,"segmentation":[],"iscrowd":0},{"id":271,"image_id":70,"category_id":1,"bbox":[515,489,50,28.75],"area":1437.5,"segmentation":[],"iscrowd":0},{"id":272,"image_id":70,"category_id":1,"bbox":[1003,468,277.5,157.5],"area":43706.25,"segmentation":[],"iscrowd":0},{"id":273,"image_id":70,"category_id":3,"bbox":[569,399,461.25,393.75],"area":181617.188,"segmentation":[],"iscrowd":0},{"id":274,"image_id":71,"category_id":4,"bbox":[558,426,162.5,170],"area":27625,"segmentation":[],"iscrowd":0},{"id":275,"image_id":71,"category_id":1,"bbox":[505,484,56.25,41.25],"area":2320.313,"segmentation":[],"iscrowd":0},{"id":276,"image_id":72,"category_id":2,"bbox":[586,433,187.14,165.71],"area":31010.969,"segmentation":[],"iscrowd":0},{"id":277,"image_id":72,"category_id":1,"bbox":[990,470,265.71,160],"area":42513.6,"segmentation":[],"iscrowd":0},{"id":278,"image_id":72,"category_id":1,"bbox":[844,476,144.29,81.43],"area":11749.535,"segmentation":[],"iscrowd":0},{"id":279,"image_id":72,"category_id":3,"bbox":[109,451,170,114.29],"area":19429.3,"segmentation":[],"iscrowd":0},{"id":280,"image_id":72,"category_id":1,"bbox":[0,470,160,117.14],"area":18742.4,"segmentation":[],"iscrowd":0},{"id":281,"image_id":73,"category_id":1,"bbox":[135,495,192.5,116.25],"area":22378.125,"segmentation":[],"iscrowd":0},{"id":282,"image_id":73,"category_id":1,"bbox":[1005,464,273.75,157.5],"area":43115.625,"segmentation":[],"iscrowd":0},{"id":283,"image_id":73,"category_id":3,"bbox":[570,396,460,403.75],"area":185725,"segmentation":[],"iscrowd":0},{"id":284,"image_id":74,"category_id":3,"bbox":[585,444,186.25,155],"area":28868.75,"segmentation":[],"iscrowd":0},{"id":285,"image_id":74,"category_id":3,"bbox":[770,459,85,70],"area":5950,"segmentation":[],"iscrowd":0},{"id":286,"image_id":74,"category_id":1,"bbox":[1063,456,217.5,300],"area":65250,"segmentation":[],"iscrowd":0},{"id":287,"image_id":74,"category_id":1,"bbox":[915,469,251.25,168.75],"area":42398.438,"segmentation":[],"iscrowd":0},{"id":288,"image_id":74,"category_id":1,"bbox":[79,499,128.75,78.75],"area":10139.063,"segmentation":[],"iscrowd":0},{"id":289,"image_id":74,"category_id":1,"bbox":[176,494,102.5,68.75],"area":7046.875,"segmentation":[],"iscrowd":0},{"id":290,"image_id":74,"category_id":1,"bbox":[420,481,52.5,33.75],"area":1771.875,"segmentation":[],"iscrowd":0},{"id":291,"image_id":74,"category_id":4,"bbox":[299,475,83.75,62.5],"area":5234.375,"segmentation":[],"iscrowd":0},{"id":292,"image_id":75,"category_id":3,"bbox":[583,443,207.5,176.25],"area":36571.875,"segmentation":[],"iscrowd":0},{"id":293,"image_id":75,"category_id":3,"bbox":[813,456,151.25,113.75],"area":17204.688,"segmentation":[],"iscrowd":0},{"id":294,"image_id":75,"category_id":3,"bbox":[488,469,62.5,46.25],"area":2890.625,"segmentation":[],"iscrowd":0},{"id":295,"image_id":75,"category_id":1,"bbox":[349,488,67.5,33.75],"area":2278.125,"segmentation":[],"iscrowd":0},{"id":296,"image_id":75,"category_id":1,"bbox":[395,485,55,35],"area":1925,"segmentation":[],"iscrowd":0},{"id":297,"image_id":75,"category_id":4,"bbox":[136,479,128.75,80],"area":10300,"segmentation":[],"iscrowd":0},{"id":298,"image_id":76,"category_id":1,"bbox":[0,453,265,311.25],"area":82481.25,"segmentation":[],"iscrowd":0},{"id":299,"image_id":76,"category_id":1,"bbox":[223,494,68.75,47.5],"area":3265.625,"segmentation":[],"iscrowd":0},{"id":300,"image_id":76,"category_id":1,"bbox":[273,493,57.5,47.5],"area":2731.25,"segmentation":[],"iscrowd":0},{"id":301,"image_id":76,"category_id":1,"bbox":[315,495,48.75,36.25],"area":1767.188,"segmentation":[],"iscrowd":0},{"id":302,"image_id":76,"category_id":4,"bbox":[480,302,503.75,483.9],"area":243764.625,"segmentation":[],"iscrowd":0},{"id":303,"image_id":77,"category_id":4,"bbox":[564,434,175,166.25],"area":29093.75,"segmentation":[],"iscrowd":0},{"id":304,"image_id":77,"category_id":1,"bbox":[488,486,71.25,53.75],"area":3829.688,"segmentation":[],"iscrowd":0},{"id":305,"image_id":77,"category_id":1,"bbox":[0,491,125,70],"area":8750,"segmentation":[],"iscrowd":0},{"id":306,"image_id":78,"category_id":3,"bbox":[589,436,213.75,185],"area":39543.75,"segmentation":[],"iscrowd":0},{"id":307,"image_id":78,"category_id":1,"bbox":[855,466,175,102.5],"area":17937.5,"segmentation":[],"iscrowd":0},{"id":308,"image_id":79,"category_id":1,"bbox":[968,469,312.5,208.75],"area":65234.375,"segmentation":[],"iscrowd":0},{"id":309,"image_id":79,"category_id":1,"bbox":[871,475,181.25,131.25],"area":23789.063,"segmentation":[],"iscrowd":0},{"id":310,"image_id":79,"category_id":1,"bbox":[125,498,116.25,78.75],"area":9154.688,"segmentation":[],"iscrowd":0},{"id":311,"image_id":79,"category_id":1,"bbox":[431,486,46.25,28.75],"area":1329.688,"segmentation":[],"iscrowd":0},{"id":312,"image_id":79,"category_id":3,"bbox":[239,473,147.5,107.5],"area":15856.25,"segmentation":[],"iscrowd":0},{"id":313,"image_id":79,"category_id":3,"bbox":[589,449,172.5,147.5],"area":25443.75,"segmentation":[],"iscrowd":0},{"id":314,"image_id":79,"category_id":3,"bbox":[759,466,82.5,63.75],"area":5259.375,"segmentation":[],"iscrowd":0},{"id":315,"image_id":80,"category_id":1,"bbox":[35,483,213.75,121.25],"area":25917.188,"segmentation":[],"iscrowd":0},{"id":316,"image_id":80,"category_id":3,"bbox":[618,463,158.75,137.5],"area":21828.125,"segmentation":[],"iscrowd":0},{"id":317,"image_id":80,"category_id":1,"bbox":[486,480,61.25,35],"area":2143.75,"segmentation":[],"iscrowd":0},{"id":318,"image_id":80,"category_id":1,"bbox":[550,468,43.75,32.5],"area":1421.875,"segmentation":[],"iscrowd":0},{"id":319,"image_id":80,"category_id":1,"bbox":[770,480,66.25,53.75],"area":3560.938,"segmentation":[],"iscrowd":0},{"id":320,"image_id":81,"category_id":2,"bbox":[640,443,118.57,108.57],"area":12873.145,"segmentation":[],"iscrowd":0},{"id":321,"image_id":82,"category_id":1,"bbox":[1003,468,276.25,161.25],"area":44545.313,"segmentation":[],"iscrowd":0},{"id":322,"image_id":82,"category_id":1,"bbox":[488,486,58.75,40],"area":2350,"segmentation":[],"iscrowd":0},{"id":323,"image_id":82,"category_id":3,"bbox":[569,396,461.25,393.75],"area":181617.188,"segmentation":[],"iscrowd":0},{"id":324,"image_id":83,"category_id":3,"bbox":[310,463,110,71.25],"area":7837.5,"segmentation":[],"iscrowd":0},{"id":325,"image_id":83,"category_id":3,"bbox":[605,441,150,125],"area":18750,"segmentation":[],"iscrowd":0},{"id":326,"image_id":83,"category_id":1,"bbox":[824,464,148.75,105],"area":15618.75,"segmentation":[],"iscrowd":0},{"id":327,"image_id":83,"category_id":1,"bbox":[783,459,90,83.75],"area":7537.5,"segmentation":[],"iscrowd":0},{"id":328,"image_id":83,"category_id":1,"bbox":[463,464,56.25,33.75],"area":1898.438,"segmentation":[],"iscrowd":0},{"id":329,"image_id":83,"category_id":1,"bbox":[533,458,38.75,23.75],"area":920.313,"segmentation":[],"iscrowd":0},{"id":330,"image_id":84,"category_id":1,"bbox":[21,478,113.75,76.25],"area":8673.438,"segmentation":[],"iscrowd":0},{"id":331,"image_id":84,"category_id":2,"bbox":[475,370,467.5,403.75],"area":188753.125,"segmentation":[],"iscrowd":0},{"id":332,"image_id":85,"category_id":2,"bbox":[0,439,277.5,197.5],"area":54806.25,"segmentation":[],"iscrowd":0},{"id":333,"image_id":86,"category_id":2,"bbox":[68,458,206.25,170],"area":35062.5,"segmentation":[],"iscrowd":0},{"id":334,"image_id":87,"category_id":1,"bbox":[0,450,261.25,311.25],"area":81314.063,"segmentation":[],"iscrowd":0},{"id":335,"image_id":87,"category_id":1,"bbox":[220,496,68.75,43.75],"area":3007.813,"segmentation":[],"iscrowd":0},{"id":336,"image_id":87,"category_id":1,"bbox":[274,494,53.75,38.75],"area":2082.813,"segmentation":[],"iscrowd":0},{"id":337,"image_id":87,"category_id":1,"bbox":[313,494,48.75,33.75],"area":1645.313,"segmentation":[],"iscrowd":0},{"id":338,"image_id":87,"category_id":4,"bbox":[484,305,501.25,488.75],"area":244985.938,"segmentation":[],"iscrowd":0},{"id":339,"image_id":88,"category_id":1,"bbox":[509,523,180,87.14],"area":15685.2,"segmentation":[],"iscrowd":0},{"id":340,"image_id":88,"category_id":3,"bbox":[137,500,268.57,148.57],"area":39901.445,"segmentation":[],"iscrowd":0},{"id":341,"image_id":88,"category_id":1,"bbox":[0,519,154.28,144.29],"area":22261.061,"segmentation":[],"iscrowd":0},{"id":342,"image_id":88,"category_id":1,"bbox":[716,534,110,55.71],"area":6128.1,"segmentation":[],"iscrowd":0},{"id":343,"image_id":88,"category_id":2,"bbox":[856,470,208.57,155.71],"area":32476.435,"segmentation":[],"iscrowd":0},{"id":344,"image_id":88,"category_id":1,"bbox":[1209,503,71.42,91.43],"area":6529.931,"segmentation":[],"iscrowd":0},{"id":345,"image_id":88,"category_id":1,"bbox":[1124,537,45.71,28.57],"area":1305.935,"segmentation":[],"iscrowd":0},{"id":346,"image_id":88,"category_id":1,"bbox":[800,521,65.71,62.86],"area":4130.531,"segmentation":[],"iscrowd":0},{"id":347,"image_id":89,"category_id":2,"bbox":[634,430,108.57,104.29],"area":11322.765,"segmentation":[],"iscrowd":0},{"id":348,"image_id":90,"category_id":1,"bbox":[479,480,80,53.75],"area":4300,"segmentation":[],"iscrowd":0},{"id":349,"image_id":90,"category_id":4,"bbox":[579,423,180,178.75],"area":32175,"segmentation":[],"iscrowd":0},{"id":350,"image_id":90,"category_id":3,"bbox":[23,473,128.75,76.25],"area":9817.188,"segmentation":[],"iscrowd":0},{"id":351,"image_id":91,"category_id":1,"bbox":[458,490,67.5,45],"area":3037.5,"segmentation":[],"iscrowd":0},{"id":352,"image_id":91,"category_id":1,"bbox":[1014,466,262.5,156.25],"area":41015.625,"segmentation":[],"iscrowd":0},{"id":353,"image_id":91,"category_id":3,"bbox":[568,396,461.25,395],"area":182193.75,"segmentation":[],"iscrowd":0},{"id":354,"image_id":92,"category_id":1,"bbox":[0,463,363.75,237.5],"area":86390.625,"segmentation":[],"iscrowd":0},{"id":355,"image_id":92,"category_id":1,"bbox":[405,475,107.5,75],"area":8062.5,"segmentation":[],"iscrowd":0},{"id":356,"image_id":92,"category_id":1,"bbox":[539,478,58.75,42.5],"area":2496.875,"segmentation":[],"iscrowd":0},{"id":357,"image_id":92,"category_id":4,"bbox":[623,440,107.5,112.5],"area":12093.75,"segmentation":[],"iscrowd":0},{"id":358,"image_id":93,"category_id":2,"bbox":[0,386,111.25,88.75],"area":9873.438,"segmentation":[],"iscrowd":0},{"id":359,"image_id":94,"category_id":4,"bbox":[480,300,503.75,491.25],"area":247467.188,"segmentation":[],"iscrowd":0},{"id":360,"image_id":94,"category_id":1,"bbox":[0,456,263.75,302.5],"area":79784.375,"segmentation":[],"iscrowd":0},{"id":361,"image_id":94,"category_id":1,"bbox":[224,496,68.75,43.75],"area":3007.813,"segmentation":[],"iscrowd":0},{"id":362,"image_id":94,"category_id":1,"bbox":[278,495,52.5,41.25],"area":2165.625,"segmentation":[],"iscrowd":0},{"id":363,"image_id":94,"category_id":1,"bbox":[313,495,47.5,37.5],"area":1781.25,"segmentation":[],"iscrowd":0},{"id":364,"image_id":95,"category_id":1,"bbox":[126,498,165,103.75],"area":17118.75,"segmentation":[],"iscrowd":0},{"id":365,"image_id":95,"category_id":1,"bbox":[476,485,51.25,41.25],"area":2114.063,"segmentation":[],"iscrowd":0},{"id":366,"image_id":95,"category_id":1,"bbox":[724,475,51.25,36.25],"area":1857.813,"segmentation":[],"iscrowd":0},{"id":367,"image_id":95,"category_id":3,"bbox":[565,451,175,150],"area":26250,"segmentation":[],"iscrowd":0},{"id":368,"image_id":96,"category_id":2,"bbox":[556,437,181.43,162.86],"area":29547.69,"segmentation":[],"iscrowd":0},{"id":369,"image_id":96,"category_id":1,"bbox":[891,476,228.57,130],"area":29714.1,"segmentation":[],"iscrowd":0},{"id":370,"image_id":96,"category_id":1,"bbox":[366,480,81.43,51.43],"area":4187.945,"segmentation":[],"iscrowd":0},{"id":371,"image_id":96,"category_id":3,"bbox":[801,464,127.14,92.86],"area":11806.22,"segmentation":[],"iscrowd":0},{"id":372,"image_id":97,"category_id":1,"bbox":[33,488,157.5,105],"area":16537.5,"segmentation":[],"iscrowd":0},{"id":373,"image_id":97,"category_id":1,"bbox":[323,483,113.75,77.5],"area":8815.625,"segmentation":[],"iscrowd":0},{"id":374,"image_id":97,"category_id":1,"bbox":[294,485,55,56.25],"area":3093.75,"segmentation":[],"iscrowd":0},{"id":375,"image_id":97,"category_id":4,"bbox":[499,449,136.25,111.25],"area":15157.813,"segmentation":[],"iscrowd":0},{"id":376,"image_id":98,"category_id":3,"bbox":[13,466,238.75,150],"area":35812.5,"segmentation":[],"iscrowd":0},{"id":377,"image_id":98,"category_id":3,"bbox":[558,451,195,165],"area":32175,"segmentation":[],"iscrowd":0},{"id":378,"image_id":98,"category_id":3,"bbox":[880,451,285,202.5],"area":57712.5,"segmentation":[],"iscrowd":0},{"id":379,"image_id":98,"category_id":1,"bbox":[243,494,92.5,53.75],"area":4971.875,"segmentation":[],"iscrowd":0},{"id":380,"image_id":98,"category_id":1,"bbox":[308,491,75,42.5],"area":3187.5,"segmentation":[],"iscrowd":0},{"id":381,"image_id":98,"category_id":1,"bbox":[488,484,41.25,31.25],"area":1289.063,"segmentation":[],"iscrowd":0},{"id":382,"image_id":98,"category_id":1,"bbox":[401,489,55,36.25],"area":1993.75,"segmentation":[],"iscrowd":0},{"id":383,"image_id":99,"category_id":2,"bbox":[594,443,143.75,132.5],"area":19046.875,"segmentation":[],"iscrowd":0},{"id":384,"image_id":99,"category_id":1,"bbox":[814,476,137.5,91.25],"area":12546.875,"segmentation":[],"iscrowd":0},{"id":385,"image_id":99,"category_id":1,"bbox":[485,479,57.5,37.5],"area":2156.25,"segmentation":[],"iscrowd":0},{"id":386,"image_id":99,"category_id":1,"bbox":[783,474,80,73.75],"area":5900,"segmentation":[],"iscrowd":0},{"id":387,"image_id":100,"category_id":1,"bbox":[0,453,263.75,310],"area":81762.5,"segmentation":[],"iscrowd":0},{"id":388,"image_id":100,"category_id":1,"bbox":[221,496,71.25,46.25],"area":3295.313,"segmentation":[],"iscrowd":0},{"id":389,"image_id":100,"category_id":1,"bbox":[273,494,57.5,41.25],"area":2371.875,"segmentation":[],"iscrowd":0},{"id":390,"image_id":100,"category_id":1,"bbox":[314,495,51.25,33.75],"area":1729.688,"segmentation":[],"iscrowd":0},{"id":391,"image_id":100,"category_id":4,"bbox":[480,300,502.5,476.25],"area":239315.625,"segmentation":[],"iscrowd":0},{"id":392,"image_id":101,"category_id":1,"bbox":[791,463,122.5,80],"area":9800,"segmentation":[],"iscrowd":0},{"id":393,"image_id":101,"category_id":1,"bbox":[284,471,97.5,67.5],"area":6581.25,"segmentation":[],"iscrowd":0},{"id":394,"image_id":101,"category_id":2,"bbox":[553,429,170,151.25],"area":25712.5,"segmentation":[],"iscrowd":0},{"id":395,"image_id":101,"category_id":1,"bbox":[763,456,82.5,77.5],"area":6393.75,"segmentation":[],"iscrowd":0},{"id":396,"image_id":101,"category_id":3,"bbox":[141,458,153.75,95],"area":14606.25,"segmentation":[],"iscrowd":0},{"id":397,"image_id":101,"category_id":3,"bbox":[904,430,291.25,198.75],"area":57885.938,"segmentation":[],"iscrowd":0},{"id":398,"image_id":101,"category_id":3,"bbox":[366,464,63.75,52.5],"area":3346.875,"segmentation":[],"iscrowd":0},{"id":399,"image_id":102,"category_id":1,"bbox":[44,473,151.25,102.5],"area":15503.125,"segmentation":[],"iscrowd":0},{"id":400,"image_id":102,"category_id":2,"bbox":[496,389,397.5,343.75],"area":136640.625,"segmentation":[],"iscrowd":0},{"id":401,"image_id":103,"category_id":2,"bbox":[1014,397,217.14,148.57],"area":32260.49,"segmentation":[],"iscrowd":0},{"id":402,"image_id":103,"category_id":1,"bbox":[951,456,75.71,68.57],"area":5191.435,"segmentation":[],"iscrowd":0},{"id":403,"image_id":104,"category_id":4,"bbox":[611,441,110,116.25],"area":12787.5,"segmentation":[],"iscrowd":0},{"id":404,"image_id":104,"category_id":1,"bbox":[454,484,82.5,52.5],"area":4331.25,"segmentation":[],"iscrowd":0},{"id":405,"image_id":104,"category_id":1,"bbox":[0,468,191.25,345],"area":65981.25,"segmentation":[],"iscrowd":0},{"id":406,"image_id":104,"category_id":1,"bbox":[544,483,56.25,37.5],"area":2109.375,"segmentation":[],"iscrowd":0},{"id":407,"image_id":105,"category_id":4,"bbox":[593,433,108.75,118.75],"area":12914.063,"segmentation":[],"iscrowd":0},{"id":408,"image_id":105,"category_id":1,"bbox":[335,475,136.25,91.25],"area":12432.813,"segmentation":[],"iscrowd":0},{"id":409,"image_id":105,"category_id":1,"bbox":[513,476,60,33.75],"area":2025,"segmentation":[],"iscrowd":0},{"id":410,"image_id":105,"category_id":1,"bbox":[85,494,52.5,40],"area":2100,"segmentation":[],"iscrowd":0},{"id":411,"image_id":105,"category_id":3,"bbox":[169,481,47.5,31.25],"area":1484.375,"segmentation":[],"iscrowd":0},{"id":412,"image_id":106,"category_id":3,"bbox":[214,465,157.5,101.25],"area":15946.875,"segmentation":[],"iscrowd":0},{"id":413,"image_id":106,"category_id":3,"bbox":[384,470,95,60],"area":5700,"segmentation":[],"iscrowd":0},{"id":414,"image_id":106,"category_id":3,"bbox":[589,446,165,146.25],"area":24131.25,"segmentation":[],"iscrowd":0},{"id":415,"image_id":106,"category_id":3,"bbox":[750,463,72.5,60],"area":4350,"segmentation":[],"iscrowd":0},{"id":416,"image_id":106,"category_id":1,"bbox":[903,464,257.5,163.75],"area":42165.625,"segmentation":[],"iscrowd":0},{"id":417,"image_id":106,"category_id":1,"bbox":[836,470,131.25,112.5],"area":14765.625,"segmentation":[],"iscrowd":0},{"id":418,"image_id":107,"category_id":4,"bbox":[611,431,145,145],"area":21025,"segmentation":[],"iscrowd":0},{"id":419,"image_id":107,"category_id":1,"bbox":[541,480,58.75,41.25],"area":2423.438,"segmentation":[],"iscrowd":0},{"id":420,"image_id":107,"category_id":1,"bbox":[376,476,123.75,87.5],"area":10828.125,"segmentation":[],"iscrowd":0},{"id":421,"image_id":108,"category_id":4,"bbox":[616,439,110,112.5],"area":12375,"segmentation":[],"iscrowd":0},{"id":422,"image_id":108,"category_id":1,"bbox":[381,476,118.75,72.5],"area":8609.375,"segmentation":[],"iscrowd":0},{"id":423,"image_id":108,"category_id":1,"bbox":[0,456,326.25,258.75],"area":84417.188,"segmentation":[],"iscrowd":0},{"id":424,"image_id":108,"category_id":1,"bbox":[518,478,57.5,37.5],"area":2156.25,"segmentation":[],"iscrowd":0},{"id":425,"image_id":109,"category_id":2,"bbox":[545,438,160,137.5],"area":22000,"segmentation":[],"iscrowd":0},{"id":426,"image_id":109,"category_id":1,"bbox":[15,486,155,106.25],"area":16468.75,"segmentation":[],"iscrowd":0},{"id":427,"image_id":109,"category_id":1,"bbox":[1050,460,230,262.5],"area":60375,"segmentation":[],"iscrowd":0},{"id":428,"image_id":109,"category_id":1,"bbox":[895,448,262.5,181.25],"area":47578.125,"segmentation":[],"iscrowd":0},{"id":429,"image_id":109,"category_id":1,"bbox":[440,476,46.25,38.75],"area":1792.188,"segmentation":[],"iscrowd":0},{"id":430,"image_id":109,"category_id":3,"bbox":[161,466,130,91.25],"area":11862.5,"segmentation":[],"iscrowd":0},{"id":431,"image_id":109,"category_id":3,"bbox":[344,463,81.25,65],"area":5281.25,"segmentation":[],"iscrowd":0},{"id":432,"image_id":110,"category_id":2,"bbox":[550,434,181.25,163.75],"area":29679.688,"segmentation":[],"iscrowd":0},{"id":433,"image_id":110,"category_id":3,"bbox":[125,470,157.5,98.75],"area":15553.125,"segmentation":[],"iscrowd":0},{"id":434,"image_id":110,"category_id":3,"bbox":[1025,408,255,307.5],"area":78412.5,"segmentation":[],"iscrowd":0},{"id":435,"image_id":110,"category_id":3,"bbox":[904,443,210,178.75],"area":37537.5,"segmentation":[],"iscrowd":0},{"id":436,"image_id":110,"category_id":3,"bbox":[343,475,87.5,58.75],"area":5140.625,"segmentation":[],"iscrowd":0},{"id":437,"image_id":110,"category_id":3,"bbox":[721,476,66.25,48.75],"area":3229.688,"segmentation":[],"iscrowd":0},{"id":438,"image_id":111,"category_id":4,"bbox":[600,433,216.25,216.25],"area":46764.063,"segmentation":[],"iscrowd":0},{"id":439,"image_id":111,"category_id":1,"bbox":[418,509,120,80],"area":9600,"segmentation":[],"iscrowd":0},{"id":440,"image_id":111,"category_id":1,"bbox":[168,515,90,52.5],"area":4725,"segmentation":[],"iscrowd":0},{"id":441,"image_id":111,"category_id":1,"bbox":[0,519,128.75,72.5],"area":9334.375,"segmentation":[],"iscrowd":0},{"id":442,"image_id":111,"category_id":2,"bbox":[269,499,81.25,60],"area":4875,"segmentation":[],"iscrowd":0},{"id":443,"image_id":112,"category_id":3,"bbox":[574,399,453.75,388.75],"area":176395.313,"segmentation":[],"iscrowd":0},{"id":444,"image_id":112,"category_id":1,"bbox":[1000,464,278.75,155],"area":43206.25,"segmentation":[],"iscrowd":0},{"id":445,"image_id":113,"category_id":3,"bbox":[588,438,207.5,177.5],"area":36831.25,"segmentation":[],"iscrowd":0},{"id":446,"image_id":113,"category_id":3,"bbox":[809,456,128.75,102.5],"area":13196.875,"segmentation":[],"iscrowd":0},{"id":447,"image_id":113,"category_id":1,"bbox":[0,500,106.25,106.25],"area":11289.063,"segmentation":[],"iscrowd":0},{"id":448,"image_id":113,"category_id":1,"bbox":[370,485,65,38.75],"area":2518.75,"segmentation":[],"iscrowd":0},{"id":449,"image_id":113,"category_id":1,"bbox":[413,481,53.75,36.25],"area":1948.438,"segmentation":[],"iscrowd":0},{"id":450,"image_id":113,"category_id":4,"bbox":[186,478,115,78.75],"area":9056.25,"segmentation":[],"iscrowd":0},{"id":451,"image_id":113,"category_id":3,"bbox":[530,470,51.25,33.75],"area":1729.688,"segmentation":[],"iscrowd":0},{"id":452,"image_id":114,"category_id":1,"bbox":[0,473,308.75,270],"area":83362.5,"segmentation":[],"iscrowd":0},{"id":453,"image_id":114,"category_id":1,"bbox":[445,484,86.25,57.5],"area":4959.375,"segmentation":[],"iscrowd":0},{"id":454,"image_id":114,"category_id":1,"bbox":[551,483,50,37.5],"area":1875,"segmentation":[],"iscrowd":0},{"id":455,"image_id":114,"category_id":4,"bbox":[613,445,113.75,111.25],"area":12654.688,"segmentation":[],"iscrowd":0},{"id":456,"image_id":115,"category_id":4,"bbox":[569,394,278.75,285],"area":79443.75,"segmentation":[],"iscrowd":0},{"id":457,"image_id":115,"category_id":1,"bbox":[280,493,197.5,115],"area":22712.5,"segmentation":[],"iscrowd":0},{"id":458,"image_id":115,"category_id":1,"bbox":[108,513,106.25,62.5],"area":6640.625,"segmentation":[],"iscrowd":0},{"id":459,"image_id":115,"category_id":1,"bbox":[35,516,92.5,50],"area":4625,"segmentation":[],"iscrowd":0},{"id":460,"image_id":115,"category_id":1,"bbox":[225,511,73.75,50],"area":3687.5,"segmentation":[],"iscrowd":0},{"id":461,"image_id":116,"category_id":1,"bbox":[155,478,266.25,170],"area":45262.5,"segmentation":[],"iscrowd":0},{"id":462,"image_id":116,"category_id":3,"bbox":[0,495,100,88.75],"area":8875,"segmentation":[],"iscrowd":0},{"id":463,"image_id":116,"category_id":4,"bbox":[541,374,338.75,322.5],"area":109246.875,"segmentation":[],"iscrowd":0},{"id":464,"image_id":116,"category_id":1,"bbox":[95,510,72.5,46.25],"area":3353.125,"segmentation":[],"iscrowd":0},{"id":465,"image_id":117,"category_id":1,"bbox":[1084,461,196.25,327.5],"area":64271.875,"segmentation":[],"iscrowd":0},{"id":466,"image_id":117,"category_id":2,"bbox":[491,378,420,362.5],"area":152250,"segmentation":[],"iscrowd":0},{"id":467,"image_id":118,"category_id":1,"bbox":[894,459,217.5,123.75],"area":26915.625,"segmentation":[],"iscrowd":0},{"id":468,"image_id":118,"category_id":3,"bbox":[588,424,266.25,226.25],"area":60239.063,"segmentation":[],"iscrowd":0},{"id":469,"image_id":119,"category_id":1,"bbox":[0,455,265,311.25],"area":82481.25,"segmentation":[],"iscrowd":0},{"id":470,"image_id":119,"category_id":1,"bbox":[221,496,70,43.75],"area":3062.5,"segmentation":[],"iscrowd":0},{"id":471,"image_id":119,"category_id":1,"bbox":[273,496,58.75,38.75],"area":2276.563,"segmentation":[],"iscrowd":0},{"id":472,"image_id":119,"category_id":1,"bbox":[313,494,48.75,33.75],"area":1645.313,"segmentation":[],"iscrowd":0},{"id":473,"image_id":119,"category_id":4,"bbox":[480,303,503.75,490],"area":246837.5,"segmentation":[],"iscrowd":0},{"id":474,"image_id":120,"category_id":4,"bbox":[586,441,108.75,108.75],"area":11826.563,"segmentation":[],"iscrowd":0},{"id":475,"image_id":120,"category_id":1,"bbox":[306,475,138.75,90],"area":12487.5,"segmentation":[],"iscrowd":0},{"id":476,"image_id":120,"category_id":1,"bbox":[484,479,68.75,41.25],"area":2835.938,"segmentation":[],"iscrowd":0},{"id":477,"image_id":120,"category_id":1,"bbox":[103,493,63.75,47.5],"area":3028.125,"segmentation":[],"iscrowd":0},{"id":478,"image_id":120,"category_id":1,"bbox":[186,485,63.75,31.25],"area":1992.188,"segmentation":[],"iscrowd":0},{"id":479,"image_id":120,"category_id":1,"bbox":[449,476,53.75,38.75],"area":2082.813,"segmentation":[],"iscrowd":0},{"id":480,"image_id":121,"category_id":1,"bbox":[1058,480,222.5,90],"area":20025,"segmentation":[],"iscrowd":0},{"id":481,"image_id":121,"category_id":1,"bbox":[0,451,263.75,307.5],"area":81103.125,"segmentation":[],"iscrowd":0},{"id":482,"image_id":121,"category_id":1,"bbox":[224,494,70,47.5],"area":3325,"segmentation":[],"iscrowd":0},{"id":483,"image_id":121,"category_id":1,"bbox":[274,493,56.25,43.75],"area":2460.938,"segmentation":[],"iscrowd":0},{"id":484,"image_id":121,"category_id":1,"bbox":[310,494,51.25,36.25],"area":1857.813,"segmentation":[],"iscrowd":0},{"id":485,"image_id":121,"category_id":4,"bbox":[481,295,498.75,506.25],"area":252492.188,"segmentation":[],"iscrowd":0},{"id":486,"image_id":122,"category_id":1,"bbox":[1001,466,277.5,163.75],"area":45440.625,"segmentation":[],"iscrowd":0},{"id":487,"image_id":122,"category_id":1,"bbox":[566,400,463.75,388.75],"area":180282.813,"segmentation":[],"iscrowd":0},{"id":488,"image_id":123,"category_id":1,"bbox":[497,494,228.57,98.57],"area":22530.145,"segmentation":[],"iscrowd":0},{"id":489,"image_id":123,"category_id":2,"bbox":[966,424,214.29,157.14],"area":33673.531,"segmentation":[],"iscrowd":0},{"id":490,"image_id":123,"category_id":3,"bbox":[713,481,162.86,87.14],"area":14191.62,"segmentation":[],"iscrowd":0},{"id":491,"image_id":124,"category_id":2,"bbox":[304,446,138.57,91.43],"area":12669.455,"segmentation":[],"iscrowd":0},{"id":492,"image_id":125,"category_id":3,"bbox":[198,474,86.25,56.25],"area":4851.563,"segmentation":[],"iscrowd":0},{"id":493,"image_id":125,"category_id":2,"bbox":[25,463,161.25,86.25],"area":13907.813,"segmentation":[],"iscrowd":0},{"id":494,"image_id":125,"category_id":4,"bbox":[600,423,192.5,193.75],"area":37296.875,"segmentation":[],"iscrowd":0},{"id":495,"image_id":125,"category_id":1,"bbox":[473,480,86.25,58.75],"area":5067.188,"segmentation":[],"iscrowd":0},{"id":496,"image_id":126,"category_id":2,"bbox":[0,396,381.25,346.25],"area":132007.813,"segmentation":[],"iscrowd":0},{"id":497,"image_id":126,"category_id":2,"bbox":[601,441,151.25,135],"area":20418.75,"segmentation":[],"iscrowd":0},{"id":498,"image_id":126,"category_id":3,"bbox":[350,453,148.75,127.5],"area":18965.625,"segmentation":[],"iscrowd":0},{"id":499,"image_id":126,"category_id":1,"bbox":[510,478,72.5,48.75],"area":3534.375,"segmentation":[],"iscrowd":0},{"id":500,"image_id":127,"category_id":3,"bbox":[139,461,135,98.75],"area":13331.25,"segmentation":[],"iscrowd":0},{"id":501,"image_id":127,"category_id":2,"bbox":[0,463,153.75,132.5],"area":20371.875,"segmentation":[],"iscrowd":0},{"id":502,"image_id":127,"category_id":2,"bbox":[561,431,161.25,142.5],"area":22978.125,"segmentation":[],"iscrowd":0},{"id":503,"image_id":127,"category_id":2,"bbox":[284,431,185,153.75],"area":28443.75,"segmentation":[],"iscrowd":0},{"id":504,"image_id":127,"category_id":1,"bbox":[503,465,58.75,40],"area":2350,"segmentation":[],"iscrowd":0},{"id":505,"image_id":128,"category_id":1,"bbox":[41,475,143.75,91.25],"area":13117.188,"segmentation":[],"iscrowd":0},{"id":506,"image_id":128,"category_id":2,"bbox":[454,360,525,448.75],"area":235593.75,"segmentation":[],"iscrowd":0},{"id":507,"image_id":129,"category_id":3,"bbox":[0,459,120,141.25],"area":16950,"segmentation":[],"iscrowd":0},{"id":508,"image_id":129,"category_id":3,"bbox":[251,458,107.5,81.25],"area":8734.375,"segmentation":[],"iscrowd":0},{"id":509,"image_id":129,"category_id":2,"bbox":[534,429,158.75,148.75],"area":23614.063,"segmentation":[],"iscrowd":0},{"id":510,"image_id":129,"category_id":3,"bbox":[336,468,71.25,61.25],"area":4364.063,"segmentation":[],"iscrowd":0},{"id":511,"image_id":129,"category_id":1,"bbox":[388,474,61.25,45],"area":2756.25,"segmentation":[],"iscrowd":0},{"id":512,"image_id":130,"category_id":2,"bbox":[456,461,70,52.5],"area":3675,"segmentation":[],"iscrowd":0},{"id":513,"image_id":130,"category_id":3,"bbox":[640,446,148.75,123.75],"area":18407.813,"segmentation":[],"iscrowd":0},{"id":514,"image_id":130,"category_id":1,"bbox":[10,484,243.75,130],"area":31687.5,"segmentation":[],"iscrowd":0},{"id":515,"image_id":130,"category_id":1,"bbox":[828,463,106.25,85],"area":9031.25,"segmentation":[],"iscrowd":0},{"id":516,"image_id":130,"category_id":1,"bbox":[771,465,65,43.75],"area":2843.75,"segmentation":[],"iscrowd":0},{"id":517,"image_id":131,"category_id":1,"bbox":[805,475,152.5,88.75],"area":13534.375,"segmentation":[],"iscrowd":0},{"id":518,"image_id":131,"category_id":1,"bbox":[0,526,92.5,92.5],"area":8556.25,"segmentation":[],"iscrowd":0},{"id":519,"image_id":131,"category_id":3,"bbox":[574,450,196.25,165],"area":32381.25,"segmentation":[],"iscrowd":0},{"id":520,"image_id":132,"category_id":1,"bbox":[534,481,51.25,31.25],"area":1601.563,"segmentation":[],"iscrowd":0},{"id":521,"image_id":132,"category_id":1,"bbox":[470,483,55,40],"area":2200,"segmentation":[],"iscrowd":0},{"id":522,"image_id":132,"category_id":1,"bbox":[359,481,128.75,80],"area":10300,"segmentation":[],"iscrowd":0},{"id":523,"image_id":132,"category_id":1,"bbox":[0,463,250,327.5],"area":81875,"segmentation":[],"iscrowd":0},{"id":524,"image_id":132,"category_id":4,"bbox":[603,444,111.25,110],"area":12237.5,"segmentation":[],"iscrowd":0},{"id":525,"image_id":133,"category_id":4,"bbox":[669,444,130,126.25],"area":16412.5,"segmentation":[],"iscrowd":0},{"id":526,"image_id":133,"category_id":1,"bbox":[601,483,67.5,52.5],"area":3543.75,"segmentation":[],"iscrowd":0},{"id":527,"image_id":134,"category_id":2,"bbox":[561,411,250,220],"area":55000,"segmentation":[],"iscrowd":0},{"id":528,"image_id":134,"category_id":1,"bbox":[939,464,295,182.5],"area":53837.5,"segmentation":[],"iscrowd":0},{"id":529,"image_id":135,"category_id":1,"bbox":[991,465,288.75,158.75],"area":45839.063,"segmentation":[],"iscrowd":0},{"id":530,"image_id":135,"category_id":3,"bbox":[568,393,461.25,400],"area":184500,"segmentation":[],"iscrowd":0},{"id":531,"image_id":136,"category_id":2,"bbox":[566,467,88.57,84.29],"area":7465.565,"segmentation":[],"iscrowd":0},{"id":532,"image_id":136,"category_id":2,"bbox":[461,471,45.71,34.29],"area":1567.396,"segmentation":[],"iscrowd":0},{"id":533,"image_id":136,"category_id":1,"bbox":[531,480,47.14,28.57],"area":1346.79,"segmentation":[],"iscrowd":0}]}